Protein  A,TYPE A,Residue and site(A),Protein B,Site(B),Domain
p62807,H2B,K109,p62979,63,Ubl_ubiquitin
p68431,H3,K123,p62979,48,Ubl_ubiquitin
p62807,H2B,K109,p62979,48,Ubl_ubiquitin
q96a08,H2B,K110,p62979,48,Ubl_ubiquitin
p62805,H4,K78,p62979,48,Ubl_ubiquitin
p68431,H3,K80,p62979,48,Ubl_ubiquitin
q93079,H2B,K109,p62979,63,Ubl_ubiquitin
q6fi13,H2A,K96,p62979,48,Ubl_ubiquitin
q99880,H2B,K109,p62979,6,Ubl_ubiquitin
q93079,H2B,K109,p62979,48,Ubl_ubiquitin
p10412,H1,K34,p62979,48,Ubl_ubiquitin
p0c0s8,H2A,K96,p62979,48,Ubl_ubiquitin
p62807,H2B,K109,p62979,6,Ubl_ubiquitin
q99880,H2B,K109,p62979,48,Ubl_ubiquitin
p68431,H3,K123,p62979,48,Ubl_ubiquitin
q93079,H2B,K109,p62979,6,Ubl_ubiquitin
p62807,H2B,K109,p62979,6,Ubl_ubiquitin
p68431,H3,K123,p62979,48,Ubl_ubiquitin
q93079,H2B,K109,p05204,82,HMG14_17
o60814,H2B,K109,p05204,82,HMG14_17
p68431,H3,K57,p62979,48,Ubl_ubiquitin
q93079,H2B,K109,p62979,6,Ubl_ubiquitin
q71di3,H3,K123,p62979,48,Ubl_ubiquitin
q93079,H2B,K117,p62979,48,Ubl_ubiquitin
p16403,H1,K34,p62979,48,Ubl_ubiquitin
q6fi13,H2A,K96,p62979,6,Ubl_ubiquitin
q7l7l0,H2A,K96,p62979,48,Ubl_ubiquitin
q99880,H2B,K117,p62979,48,Ubl_ubiquitin
q99880,H2B,K121,p62979,48,Ubl_ubiquitin
p62805,H4,K32,p62979,48,Ubl_ubiquitin
p62807,H2B,K117,p62979,48,Ubl_ubiquitin
q96a08,H2B,K110,p62979,6,Ubl_ubiquitin
o60814,H2B,K121,p62979,48,Ubl_ubiquitin
p68431,H3,K5,p62979,48,Ubl_ubiquitin
q93079,H2B,K121,p62979,48,Ubl_ubiquitin
p04908,H2A,K96,p62979,48,Ubl_ubiquitin
q99880,H2B,K109,p62979,63,Ubl_ubiquitin
q93079,H2B,K109,p24928,285,RNAP_II_RPB1_N
o60814,H2B,K109,p24928,285,RNAP_II_RPB1_N
p68431,H3,K123,p62979,48,Ubl_ubiquitin
p68431,H3,K57,p62979,6,Ubl_ubiquitin
q99880,H2B,K121,p05114,14,HMG14_17
p58876,H2B,K121,p05114,14,HMG14_17
q96a08,H2B,K110,p62979,63,Ubl_ubiquitin
p68431,H3,K19,p62979,48,Ubl_ubiquitin
q93079,H2B,K109,p05204,11,HMG14_17
o60814,H2B,K109,p05204,11,HMG14_17
p0c0s8,H2A,K96,p62979,6,Ubl_ubiquitin
p68431,H3,K80,o00268,1016,TAF4
q96a08,H2B,K110,p62979,6,Ubl_ubiquitin
q6fi13,H2A,K6,p62979,48,Ubl_ubiquitin
p0c0s8,H2A,K126,p62979,48,Ubl_ubiquitin
p68431,H3,K24,p62979,48,Ubl_ubiquitin
p68431,H3,K123,p62979,6,Ubl_ubiquitin
p62807,H2B,K121,p62979,48,Ubl_ubiquitin
q99880,H2B,K109,p24928,285,RNAP_II_RPB1_N
p58876,H2B,K109,p24928,285,RNAP_II_RPB1_N
q93079,H2B,K109,p05114,27,HMG14_17
o60814,H2B,K109,p05114,27,HMG14_17
p16403,H1,K75,p62979,48,Ubl_ubiquitin
p0c0s8,H2A,K6,p62979,48,Ubl_ubiquitin
p62805,H4,K9,p62979,48,Ubl_ubiquitin
p62807,H2B,K109,p62826,28,RAN
o60814,H2B,K109,p62826,28,RAN
p62805,H4,K60,p24928,285,RNAP_II_RPB1_N
p68431,H3,K80,p24928,285,RNAP_II_RPB1_N
q71di3,H3,K5,p62979,48,Ubl_ubiquitin
q99880,H2B,K117,p24928,285,RNAP_II_RPB1_N
p58876,H2B,K117,p24928,285,RNAP_II_RPB1_N
q71di3,H3,K123,a6ndy0,218,RRM_II_PABPN1L
p10412,H1,K46,q9nzi8,300,KH-I_IGF2BP1_rpt2
p62805,H4,K78,p24928,285,RNAP_II_RPB1_N
q99880,H2B,K109,p05114,27,HMG14_17
p58876,H2B,K109,p05114,27,HMG14_17
q96a08,H2B,K122,p62979,48,Ubl_ubiquitin
q71ui9,H2A,K78,p62979,48,Ubl_ubiquitin
p0c0s8,H2A,K96,o00268,1016,TAF4
q96a08,H2B,K110,q9h7z7,225,GST_C_mPGES2
o60814,H2B,K109,q9h7z7,225,GST_C_mPGES2
p10412,H1,K26,p62979,48,Ubl_ubiquitin
q93079,H2B,K121,p62979,63,Ubl_ubiquitin
q93079,H2B,K109,p62979,33,Ubl_ubiquitin
p68431,H3,K80,p62979,48,Ubl_ubiquitin
q99880,H2B,K121,p05204,11,HMG14_17
p58876,H2B,K121,p05204,11,HMG14_17
q93079,H2B,K117,p24928,285,RNAP_II_RPB1_N
o60814,H2B,K117,p24928,285,RNAP_II_RPB1_N
p62805,H4,K32,p24928,285,RNAP_II_RPB1_N
o75367,H2A,K121,p22626,120,RRM2_hnRNPA2B1
o75367,H2A,K121,p09651,113,RRM2_hnRNPA3
q16695,H3,K5,p62979,48,Ubl_ubiquitin
p62807,H2B,K109,p35749,1337,Myosin_tail_1
o60814,H2B,K109,p35749,1337,Myosin_tail_1
p62807,H2B,K6,p62979,48,Ubl_ubiquitin
p62807,H2B,K121,p05204,18,HMG14_17
p16104,H2A,K135,p62979,48,Ubl_ubiquitin
q71di3,H3,K80,q9uqe7,238,Smc
p62807,H2B,K109,p62979,63,Ubl_ubiquitin
q6fi13,H2A,K126,p62979,48,Ubl_ubiquitin
p0c0s8,H2A,K96,p62979,6,Ubl_ubiquitin
q6fi13,H2A,K96,o00268,1016,TAF4
p68431,H3,K5,p62979,63,Ubl_ubiquitin
q71di3,H3,K123,p62979,48,Ubl_ubiquitin
q71di3,H3,K80,q2nl82,695,RIBIOP_C
q02539,H1,K29,p62081,160,Ribosomal_S7e
q02539,H1,K35,p62081,160,Ribosomal_S7e
q02539,H1,K25,p62081,160,Ribosomal_S7e
q02539,H1,K26,p62081,160,Ribosomal_S7e
p62807,H2B,K6,p05204,82,HMG14_17
o60814,H2B,K6,p05204,82,HMG14_17
p0c0s8,H2A,K96,p37837,130,PRK05269
p0c0s8,H2A,K96,p37837,136,PRK05269
p58876,H2B,K121,p05204,18,HMG14_17
p16403,H1,K46,q9nzi8,300,KH-I_IGF2BP1_rpt2
q96a08,H2B,K110,p61247,145,Ribosomal_S3Ae
q93079,H2B,K117,p05204,18,HMG14_17
p0c0s8,H2A,K96,p62979,6,Ubl_ubiquitin
p68431,H3,K80,q86yw0,327,PI-PLCc_zeta
p10412,H1,K140,p61081,36,UQ_con
q6fi13,H2A,K6,p05204,82,HMG14_17
p04908,H2A,K96,o00268,1016,TAF4
p68431,H3,K57,p55209,200,NAP
o75367,H2A,K72,p62979,48,Ubl_ubiquitin
p62805,H4,K78,p24928,285,RNAP_II_RPB1_N
p62807,H2B,K109,p62826,28,RAN
o60814,H2B,K109,p62826,28,RAN
p10412,H1,K17,q9ukx7,3,NUP50
p10412,H1,K21,q9ukx7,3,NUP50
q99877,H2B,K6,p62851,52,Ribosomal_S25
q99880,H2B,K109,p05204,11,HMG14_17
p58876,H2B,K109,p05204,11,HMG14_17
p62807,H2B,K117,q13442,119,PP28
o60814,H2B,K117,q13442,119,PP28
q6fi13,H2A,K10,p62979,48,Ubl_ubiquitin
p68431,H3,K123,a6ndy0,218,RRM_II_PABPN1L
q96a08,H2B,K25,q00839,516,AAA_33
q93079,H2B,K121,p05204,11,HMG14_17
p0c0s8,H2A,K6,p05204,82,HMG14_17
p58876,H2B,K121,p05204,11,HMG14_17
p68431,H3,K10,p62979,48,Ubl_ubiquitin
p62805,H4,K78,p52209,261,PRK09287
q99880,H2B,K121,p05204,18,HMG14_17
q71ui9,H2A,K116,p62841,7,PTZ00096
p62805,H4,K32,q9uqe7,963,Smc
p68431,H3,K80,q13813,2052,SPEC
p68431,H3,K80,q13813,2052,SPEC
p68431,H3,K19,p05204,82,HMG14_17
p68431,H3,K123,p37108,42,SRP14
p68431,H3,K80,o43615,157,3a0801s03tim44
p0c0s8,H2A,K6,p61326,41,Mago_nashi
q96a08,H2B,K122,p05204,18,HMG14_17
q99880,H2B,K121,p02545,201,Filament
p58876,H2B,K121,p02545,201,Filament
p62807,H2B,K121,p05204,18,HMG14_17
q93079,H2B,K121,p05204,18,HMG14_17
q93079,H2B,K121,p24928,285,RNAP_II_RPB1_N
p58876,H2B,K121,p24928,285,RNAP_II_RPB1_N
p62807,H2B,K6,p24928,285,RNAP_II_RPB1_N
o60814,H2B,K6,p24928,285,RNAP_II_RPB1_N
p68431,H3,K5,p62979,63,Ubl_ubiquitin
p62805,H4,K45,p62979,48,Ubl_ubiquitin
q16695,H3,K80,p62979,48,Ubl_ubiquitin
q93079,H2B,K121,p05204,18,HMG14_17
p62805,H4,K6,p62979,48,Ubl_ubiquitin
p10412,H1,K46,q01813,263,Eukaryotic_PFK
p68431,H3,K80,q99436,127,proteasome_beta_type_7
p10412,H1,K46,p84098,152,Ribosomal_L19e_E
p0c0s8,H2A,K16,p62979,48,Ubl_ubiquitin
q99880,H2B,K121,p24928,285,RNAP_II_RPB1_N
p16403,H1,K85,q8wz42,19841,Ig_Titin_like
p62807,H2B,K109,q9y3u8,23,Ribosomal_L36e
p58876,H2B,K109,p62826,28,RAN
p62807,H2B,K117,p05204,18,HMG14_17
o60814,H2B,K117,p05204,18,HMG14_17
q16695,H3,K123,a6ndy0,218,RRM_II_PABPN1L
p68431,H3,K5,p05204,18,HMG14_17
p68431,H3,K57,o43765,5,SGTA_dimer
p62807,H2B,K6,q96su4,446,Oxysterol_BP
o60814,H2B,K6,q96su4,446,Oxysterol_BP
q93079,H2B,K109,p61758,95,Prefoldin
o60814,H2B,K109,p61758,95,Prefoldin
q9p0m6,H2A,K72,p62979,48,Ubl_ubiquitin
p62805,H4,K78,q9h7z7,225,GST_C_mPGES2
p06899,H2B,K121,p24928,285,RNAP_II_RPB1_N
o60814,H2B,K121,p24928,285,RNAP_II_RPB1_N
p0c0s8,H2A,K119,p62081,179,Ribosomal_S7e
q71di3,H3,K123,a6ndy0,218,RRM_II_PABPN1L
p62807,H2B,K121,p05204,11,HMG14_17
p62805,H4,K78,o43615,157,3a0801s03tim44
q99880,H2B,K109,p05204,82,HMG14_17
p58876,H2B,K109,p05204,82,HMG14_17
p68431,H3,K123,a6ndy0,218,RRM_II_PABPN1L
p62807,H2B,K121,q8nez4,1708,HMG-box_KMT2C
p0c0s8,H2A,K126,p62979,48,Ubl_ubiquitin
p58876,H2B,K121,p05204,18,HMG14_17
p62805,H4,K6,p19338,398,RRM2_NCL
p06899,H2B,K121,p05204,18,HMG14_17
o60814,H2B,K121,p05204,18,HMG14_17
q93079,H2B,K6,q96su4,446,Oxysterol_BP
q96a08,H2B,K110,p62826,28,RAN
p68431,H3,K19,p62979,63,Ubl_ubiquitin
p16403,H1,K34,p26583,68,HMG-box_HMGB_rpt1
q99880,H2B,K109,p62826,28,RAN
p62807,H2B,K109,q8taq2,702,SWIRM-assoc_3
p0c0s8,H2A,K75,p62979,6,Ubl_ubiquitin
p68431,H3,K57,q9bza7,527,Cadherin_repeat
q96a08,H2B,K110,p05114,27,HMG14_17
p62807,H2B,K6,p05455,285,RRM_3
o60814,H2B,K6,p05455,285,RRM_3
q93079,H2B,K6,p23396,7,PTZ00084
q96a08,H2B,K122,p05204,18,HMG14_17
p0c0s8,H2A,K75,p62979,48,Ubl_ubiquitin
p62807,H2B,K117,p62316,88,Sm_D2
p06899,H2B,K121,p02545,201,Filament
o60814,H2B,K117,p62316,88,Sm_D2
o60814,H2B,K121,p02545,201,Filament
q93079,H2B,K109,p62701,6,PLN00036
q96a08,H2B,K13,p23396,62,PTZ00084
q93079,H2B,K109,p62826,28,RAN
p68431,H3,K57,q13151,171,RRM2_hnRNPA0
p62807,H2B,K121,p02545,201,Filament
p68431,H3,K80,q9y230,368,TIP49
p68431,H3,K123,a6ndy0,218,RRM_II_PABPN1L
q93079,H2B,K17,p62979,48,Ubl_ubiquitin
q6fi13,H2A,K126,a6ndy0,218,RRM_II_PABPN1L
q99880,H2B,K21,a8mw92,350,PHD20L1_u1
q6fi13,H2A,K96,q8nhw5,50,PTZ00135
p58876,H2B,K21,a8mw92,350,PHD20L1_u1
p06899,H2B,K121,q9uqe7,963,Smc
o60814,H2B,K121,q9uqe7,963,Smc
q71di3,H3,K24,q14690,1647,TPR
q99880,H2B,K109,q13428,6,LisH
p58876,H2B,K109,q13428,6,LisH
p62807,H2B,K6,q9bxj9,625,NARP1
o60814,H2B,K6,q9bxj9,625,NARP1
p16403,H1,K21,p06748,32,Nucleoplasmin
p68431,H3,K80,p61604,56,cpn10
p62805,H4,K78,p24928,285,RNAP_II_RPB1_N
p06899,H2B,K121,p11388,1199,PTZ00108
o60814,H2B,K121,p11388,1199,PTZ00108
p0c0s8,H2A,K126,o43395,506,PRP3
p16403,H1,K191,q9npd8,8,UBCc
p58876,H2B,K121,p05204,18,HMG14_17
p62807,H2B,K6,q9nqg5,275,CREPT
o60814,H2B,K6,q9nqg5,275,CREPT
p16403,H1,K34,q7kzf4,160,SNc
p06899,H2B,K35,q01082,714,SPEC
p06899,H2B,K35,q01082,714,SPEC
p62807,H2B,K6,q9nrl3,469,WD40
o60814,H2B,K6,q9nrl3,469,WD40
p62805,H4,K80,q8tdw5,460,C2A_SLP-4_5
p68431,H3,K80,p82970,3,HMG14_17
p62807,H2B,K21,q96su4,446,Oxysterol_BP
o60814,H2B,K21,q96su4,446,Oxysterol_BP
p10412,H1,K46,q9upn3,81,CH_PLEC-like_rpt1
p68431,H3,K57,q8taq2,292,SWIRM-assoc_2
p68431,H3,K5,q9y3u8,19,Ribosomal_L36e
p62807,H2B,K6,q96su4,446,Oxysterol_BP
o60814,H2B,K6,q96su4,446,Oxysterol_BP
p10412,H1,K213,q9y3u8,62,Ribosomal_L36e
q96a08,H2B,K110,p49736,384,MCM
o60814,H2B,K109,p49736,384,MCM
p62807,H2B,K6,o43615,157,3a0801s03tim44
o60814,H2B,K6,o43615,157,3a0801s03tim44
p62807,H2B,K117,p05204,18,HMG14_17
o60814,H2B,K117,p05204,18,HMG14_17
q93079,H2B,K109,q9uqe7,963,Smc
o60814,H2B,K109,q9uqe7,963,Smc
p68431,H3,K24,p62308,20,Sm_G
p16403,H1,K211,p05204,51,HMG14_17
p68431,H3,K24,q9y606,184,PseudoU_synth_PUS1_PUS2
p62805,H4,K13,p62979,48,Ubl_ubiquitin
p68431,H3,K5,p62979,6,Ubl_ubiquitin
p62807,H2B,K6,o60678,279,AdoMet_MTases
o60814,H2B,K6,o60678,279,AdoMet_MTases
p62807,H2B,K6,q9nrl3,469,WD40
o60814,H2B,K6,q9nrl3,469,WD40
p68431,H3,K5,p24928,285,RNAP_II_RPB1_N
p62805,H4,K78,p62979,48,Ubl_ubiquitin
p10412,H1,K34,q8wz42,7429,I-set
p68431,H3,K57,p62826,130,RAN
p68431,H3,K80,p35579,1370,Myosin_tail_1
p16403,H1,K129,q02878,38,Ribosomal_L6e_N
p58876,H2B,K121,p05204,18,HMG14_17
p16401,H1,K149,p63279,146,UQ_con
q93079,H2B,K109,p46778,7,PTZ00189
p06899,H2B,K121,o00193,49,SMAP
q71di3,H3,K80,p84098,80,Ribosomal_L19e_E
o60814,H2B,K121,o00193,49,SMAP
q93079,H2B,K121,p05204,82,HMG14_17
p68431,H3,K57,p62979,6,Ubl_ubiquitin
p58876,H2B,K121,p05204,82,HMG14_17
p62807,H2B,K6,p05455,280,RRM_3
p62807,H2B,K12,p05455,280,RRM_3
p62807,H2B,K13,p05455,280,RRM_3
o60814,H2B,K6,p05455,280,RRM_3
o60814,H2B,K12,p05455,280,RRM_3
o60814,H2B,K13,p05455,280,RRM_3
p0c0s8,H2A,K96,q9bqk8,482,Lipin_mid
p62807,H2B,K6,q9h7z7,225,GST_C_mPGES2
o60814,H2B,K6,q9h7z7,225,GST_C_mPGES2
q99880,H2B,K109,p46777,283,PTZ00069
p0c0s8,H2A,K126,a6ndy0,218,RRM_II_PABPN1L
p62807,H2B,K121,o95394,400,PGM3
q16695,H3,K80,p61978,63,KH-I_HNRNPK_rpt1
q93079,H2B,K6,p62263,5,PTZ00129
q5qnw6,H2B,K21,q92922,342,SWIRM-assoc_2
q5qnw6,H2B,K21,q92922,345,SWIRM-assoc_2
p10412,H1,K186,q15003,213,Cnd2
q99880,H2B,K117,p05204,18,HMG14_17
p58876,H2B,K117,p05204,18,HMG14_17
p62807,H2B,K117,p05204,18,HMG14_17
o60814,H2B,K117,p05204,18,HMG14_17
p0c0s8,H2A,K126,a6ndy0,218,RRM_II_PABPN1L
p62807,H2B,K109,p05114,27,HMG14_17
o60814,H2B,K109,p05114,27,HMG14_17
p62807,H2B,K6,q9hau5,326,MIF4G
o60814,H2B,K6,q9hau5,326,MIF4G
p10412,H1,K34,p46783,5,S10_plectin
q71di3,H3,K123,p62979,48,Ubl_ubiquitin
p68431,H3,K5,o75116,900,ROCK_SBD
p62807,H2B,K121,a3kn83,955,Helicase_C_4
p58876,H2B,K121,a3kn83,955,Helicase_C_4
p62805,H4,K78,q13428,6,LisH
q99880,H2B,K121,p11388,1199,PTZ00108
p58876,H2B,K121,p11388,1199,PTZ00108
q93079,H2B,K121,o95394,400,PGM3
p06899,H2B,K121,p05204,18,HMG14_17
o60814,H2B,K121,p05204,18,HMG14_17
p68431,H3,K123,p37108,42,SRP14
p62807,H2B,K6,q9nr22,135,AdoMet_MTases
o60814,H2B,K6,q9nr22,135,AdoMet_MTases
p62807,H2B,K6,q9y265,2,TIP49
q93079,H2B,K109,o00193,49,SMAP
o60814,H2B,K109,o00193,49,SMAP
p62805,H4,K6,p62979,63,Ubl_ubiquitin
p16403,H1,K207,p05204,51,HMG14_17
p10412,H1,K117,p05114,55,HMG14_17
p0c0s8,H2A,K6,p62847,83,PTZ00071
p62805,H4,K9,q9brx2,2,PelA
p62805,H4,K13,q9brx2,2,PelA
p62805,H4,K17,q9brx2,2,PelA
p68431,H3,K5,p35580,1619,Myosin_tail_1
p16401,H1,K217,p62826,127,RAN
q02539,H1,K26,p62081,160,Ribosomal_S7e
q02539,H1,K29,p62081,160,Ribosomal_S7e
q02539,H1,K35,p62081,160,Ribosomal_S7e
q99880,H2B,K17,o43615,157,3a0801s03tim44
q99880,H2B,K21,o43615,157,3a0801s03tim44
p58876,H2B,K17,o43615,157,3a0801s03tim44
p58876,H2B,K21,o43615,157,3a0801s03tim44
p10412,H1,K168,q02880,1219,PTZ00108
q93079,H2B,K6,p35579,1104,Myosin_tail_1
p16403,H1,K52,q7kzf4,160,SNc
p62807,H2B,K21,q92922,345,SWIRM-assoc_2
p68431,H3,K28,p24928,285,RNAP_II_RPB1_N
p62807,H2B,K21,q92922,342,SWIRM-assoc_2
p62807,H2B,K6,p05455,280,RRM_3
o60814,H2B,K6,p05455,280,RRM_3
p68431,H3,K80,p02545,319,Filament
p16403,H1,K129,q02878,38,Ribosomal_L6e_N
p16403,H1,K130,q02878,38,Ribosomal_L6e_N
p68431,H3,K19,p24928,285,RNAP_II_RPB1_N
p68431,H3,K24,p63165,45,Ubl_SUMO1
p10412,H1,K168,q5jsh3,740,WD40
p62807,H2B,K17,q9uqe7,278,Smc
p62807,H2B,K17,q9uqe7,280,Smc
q92522,H1,K187,p22626,173,RRM2_hnRNPA2B1
q92522,H1,K188,p22626,173,RRM2_hnRNPA2B1
q92522,H1,K195,p22626,173,RRM2_hnRNPA2B1
o60814,H2B,K17,q9uqe7,278,Smc
o60814,H2B,K17,q9uqe7,280,Smc
p68431,H3,K19,q9ntk5,177,PTZ00258
p68431,H3,K24,q9ntk5,177,PTZ00258
p68431,H3,K5,o00268,1016,TAF4
p62807,H2B,K13,q9y2s6,17,TMA7
p62807,H2B,K16,q9y2s6,17,TMA7
p62807,H2B,K17,q9y2s6,17,TMA7
q99880,H2B,K109,p05114,55,HMG14_17
q99880,H2B,K109,p05114,59,HMG14_17
p58876,H2B,K109,p05114,55,HMG14_17
p58876,H2B,K109,p05114,59,HMG14_17
p62807,H2B,K109,q5jsz5,10,BAT2_N
p62807,H2B,K109,q5jsz5,12,BAT2_N
o60814,H2B,K109,q5jsz5,10,BAT2_N
o60814,H2B,K109,q5jsz5,12,BAT2_N
q99880,H2B,K13,q9bxj9,625,NARP1
q99880,H2B,K16,q9bxj9,625,NARP1
q99880,H2B,K17,q9bxj9,625,NARP1
p58876,H2B,K13,q9bxj9,625,NARP1
p58876,H2B,K16,q9bxj9,625,NARP1
p58876,H2B,K17,q9bxj9,625,NARP1
p62805,H4,K78,p62081,113,Ribosomal_S7e
p68431,H3,K5,p30519,106,Heme_oxygenase
p16403,H1,K52,q5vzk9,994,CARMIL_C
p16403,H1,K199,p62979,48,Ubl_ubiquitin
p10412,H1,K213,q9y3u8,62,Ribosomal_L36e
p62807,H2B,K12,p23396,7,PTZ00084
q99880,H2B,K109,p62979,33,Ubl_ubiquitin
p0c0s8,H2A,K6,p62979,63,Ubl_ubiquitin
p10412,H1,K140,q7lga3,283,Sulfotransfer_2
q6fi13,H2A,K37,p62070,159,M_R_Ras_like
q99880,H2B,K21,q92922,342,SWIRM-assoc_2
q99880,H2B,K21,q92922,345,SWIRM-assoc_2
q71di3,H3,K5,p35580,1619,Myosin_tail_1
q93079,H2B,K16,o43615,157,3a0801s03tim44
q93079,H2B,K17,o43615,157,3a0801s03tim44
o60814,H2B,K16,o43615,157,3a0801s03tim44
o60814,H2B,K17,o43615,157,3a0801s03tim44
p68431,H3,K19,q9h5i5,2709,Piezo_RRas_bdg
p68431,H3,K28,q9nq29,224,LUC7
q93079,H2B,K6,q14683,1053,SMC_N
p10412,H1,K46,q13428,6,LisH
q93079,H2B,K121,o00268,1016,TAF4
p58876,H2B,K121,o00268,1016,TAF4
p62807,H2B,K28,p62280,144,PTZ00241
o75367,H2A,K121,p22626,120,RRM2_hnRNPA2B1
o75367,H2A,K121,p09651,113,RRM2_hnRNPA3
p58876,H2B,K6,p10586,72,I-set
q02539,H1,K88,q8wz42,19841,Ig_Titin_like
p10412,H1,K213,q9y3u8,35,Ribosomal_L36e
p0c0s8,H2A,K37,q08945,592,HMG-box_SSRP1-like
p68431,H3,K123,q1kmd3,479,AAA_33
p16403,H1,K140,q9npd8,8,UBCc
q6fi13,H2A,K37,q08945,592,HMG-box_SSRP1-like
p58876,H2B,K6,q92922,342,SWIRM-assoc_2
p62807,H2B,K17,p07197,102,Filament
q6fi13,H2A,K6,p62979,63,Ubl_ubiquitin
q02539,H1,K35,q00839,28,SAP
q96a08,H2B,K122,p05204,11,HMG14_17
q96a08,H2B,K122,p62701,6,PLN00036
p0c0s8,H2A,K37,p23396,7,PTZ00084
p07305,H1,K73,p62841,65,PTZ00096
p62807,H2B,K6,q8n1t3,682,MYSc_Myo1
p62807,H2B,K12,q8n1t3,682,MYSc_Myo1
p62807,H2B,K13,q8n1t3,682,MYSc_Myo1
o60814,H2B,K6,q8n1t3,682,MYSc_Myo1
o60814,H2B,K12,q8n1t3,682,MYSc_Myo1
o60814,H2B,K13,q8n1t3,682,MYSc_Myo1
p68431,H3,K5,q9uqe7,963,Smc
p58876,H2B,K121,p05204,18,HMG14_17
p06899,H2B,K121,p05114,18,HMG14_17
o60814,H2B,K121,p05114,18,HMG14_17
p62807,H2B,K121,p05204,14,HMG14_17
q99880,H2B,K21,p13667,366,ER_PDI_fam
p58876,H2B,K21,p13667,366,ER_PDI_fam
p68431,H3,K123,a6ndy0,218,RRM_II_PABPN1L
p16401,H1,K192,p26373,123,Ribosomal_L13e
p62805,H4,K6,p19338,429,RRM2_NCL
q99880,H2B,K28,p62280,144,PTZ00241
q92522,H1,K160,p00558,131,PTZ00005
p68431,H3,K19,q9h361,95,PABP-1234
p62807,H2B,K6,q92576,957,TFIIS_M
o60814,H2B,K6,q92576,957,TFIIS_M
p68431,H3,K80,p62316,88,Sm_D2
p68431,H3,K19,p35580,1619,Myosin_tail_1
q93079,H2B,K21,o43615,157,3a0801s03tim44
q93079,H2B,K24,o43615,157,3a0801s03tim44
o60814,H2B,K21,o43615,157,3a0801s03tim44
o60814,H2B,K24,o43615,157,3a0801s03tim44
p68431,H3,K28,q14683,190,SMC_N
p62807,H2B,K6,q86ue4,158,LYRIC
p62807,H2B,K6,q86ue4,163,LYRIC
p62807,H2B,K12,q86ue4,158,LYRIC
p62807,H2B,K12,q86ue4,163,LYRIC
o60814,H2B,K6,q86ue4,158,LYRIC
o60814,H2B,K6,q86ue4,163,LYRIC
o60814,H2B,K12,q86ue4,158,LYRIC
o60814,H2B,K12,q86ue4,163,LYRIC
p68431,H3,K5,p61604,56,cpn10
p23527,H2B,K35,o43615,157,3a0801s03tim44
p68431,H3,K24,q9ukx7,3,NUP50
q71di3,H3,K80,p61978,63,KH-I_HNRNPK_rpt1
q71di3,H3,K19,p22694,79,STKc_PKA
p68431,H3,K80,q15126,83,P-mevalo_kinase
q71di3,H3,K19,p35580,1619,Myosin_tail_1
q93079,H2B,K6,q15046,24,PLN02502
q6fi13,H2A,K6,p05204,18,HMG14_17
q71di3,H3,K19,q13243,36,RRM1_SRSF5
p16401,H1,K149,p63279,146,UQ_con
q5qnw6,H2B,K21,q92922,345,SWIRM-assoc_2
p68431,H3,K19,p05204,18,HMG14_17
p62805,H4,K13,q96pu8,176,KH-I_Hqk
p62807,H2B,K21,q8wz42,8370,I-set
p62807,H2B,K21,q92922,345,SWIRM-assoc_2
p62805,H4,K80,q13428,6,LisH
p68431,H3,K28,p30519,106,Heme_oxygenase
p06899,H2B,K121,p05204,18,HMG14_17
o60814,H2B,K121,p05204,18,HMG14_17
p68431,H3,K19,p63165,45,Ubl_SUMO1
q99880,H2B,K12,p05455,280,RRM_3
q99880,H2B,K121,p05204,18,HMG14_17
p58876,H2B,K12,p05455,280,RRM_3
p16401,H1,K35,q01105,83,NAP
p62805,H4,K6,p19338,429,RRM2_NCL
q16695,H3,K28,q9y3u8,19,Ribosomal_L36e
p68431,H3,K5,p63165,45,Ubl_SUMO1
p68431,H3,K80,q9um54,811,CBD_MYO6-like
p68431,H3,K80,p35716,88,HMG-box_SoxC_SOX11
p16403,H1,K17,q7kzf4,160,SNc
p16403,H1,K21,q7kzf4,160,SNc
p16403,H1,K22,q7kzf4,160,SNc
p10412,H1,K217,p62826,127,RAN
p16403,H1,K159,p22694,79,STKc_PKA
q99880,H2B,K17,p24928,285,RNAP_II_RPB1_N
p58876,H2B,K17,p24928,285,RNAP_II_RPB1_N
p62807,H2B,K12,p05455,280,RRM_3
o60814,H2B,K12,p05455,280,RRM_3
p58876,H2B,K6,q9nr22,135,AdoMet_MTases
p62807,H2B,K25,p05455,280,RRM_3
o60814,H2B,K25,p05455,280,RRM_3
p62807,H2B,K12,p05455,280,RRM_3
o60814,H2B,K12,p05455,280,RRM_3
q96a08,H2B,K29,p12956,262,ku70
p10412,H1,K129,q02878,38,Ribosomal_L6e_N
p68431,H3,K19,q9nt99,193,LRR
p62805,H4,K9,p24928,285,RNAP_II_RPB1_N
p62805,H4,K6,o00268,1016,TAF4
p62805,H4,K9,o00268,1016,TAF4
q71di3,H3,K5,p30519,106,Heme_oxygenase
q93079,H2B,K12,p05455,280,RRM_3
p62807,H2B,K6,q8wz42,8370,I-set
o60814,H2B,K6,q8wz42,8370,I-set
p0c0s8,H2A,K126,p62316,88,Sm_D2
p62807,H2B,K12,p23396,7,PTZ00084
p62807,H2B,K13,p23396,7,PTZ00084
p62807,H2B,K16,p23396,7,PTZ00084
p68431,H3,K80,p61978,63,KH-I_HNRNPK_rpt1
p0c0s8,H2A,K37,q16513,237,HR1_PKN2_3
p68431,H3,K19,p42766,12,Ribosomal_L29
p16402,H1,K111,p17301,323,vWA_integrins_alpha_subunit
p68431,H3,K10,p30519,106,Heme_oxygenase
p16401,H1,K217,p62826,127,RAN
p68431,H3,K123,p26373,136,Ribosomal_L13e
p0c0s8,H2A,K120,q8wz42,19841,Ig_Titin_like
p68431,H3,K80,p35998,402,RPT1
q71ui9,H2A,K116,q96qh2,619,hSH3
q99880,H2B,K121,q15651,20,HMG14_17
p62807,H2B,K47,o95394,400,PGM3
q99877,H2B,K6,p22626,94,RRM1_hnRNPA2B1
q99880,H2B,K25,p05455,280,RRM_3
p58876,H2B,K25,p05455,280,RRM_3
p0c0s8,H2A,K6,o00268,1016,TAF4
q96a08,H2B,K59,p23921,465,PLN02437
q71di3,H3,K80,q9um54,811,CBD_MYO6-like
q99880,H2B,K21,o43615,157,3a0801s03tim44
p58876,H2B,K21,o43615,157,3a0801s03tim44
q93079,H2B,K17,o43615,157,3a0801s03tim44
o60814,H2B,K17,o43615,157,3a0801s03tim44
q93079,H2B,K17,p24928,285,RNAP_II_RPB1_N
o60814,H2B,K17,p24928,285,RNAP_II_RPB1_N
o75367,H2A,K121,p22626,120,RRM2_hnRNPA2B1
o75367,H2A,K121,p09651,113,RRM2_hnRNPA3
p16402,H1,K33,p11021,287,HSP70
p62807,H2B,K13,q8wz42,12173,IG_like
p62807,H2B,K16,q8wz42,12173,IG_like
p62807,H2B,K17,q8wz42,12173,IG_like
p68431,H3,K24,o00268,1016,TAF4
q99880,H2B,K6,p40429,187,PTZ00068
q99877,H2B,K6,p40429,187,PTZ00068
p68431,H3,K28,p40926,301,MDH_glyoxysomal_mitochondrial
q93079,H2B,K25,p05455,280,RRM_3
p62807,H2B,K13,q9nr22,135,AdoMet_MTases
p62807,H2B,K16,q9nr22,135,AdoMet_MTases
p62807,H2B,K17,q9nr22,135,AdoMet_MTases
o60814,H2B,K13,q9nr22,135,AdoMet_MTases
o60814,H2B,K16,q9nr22,135,AdoMet_MTases
o60814,H2B,K17,q9nr22,135,AdoMet_MTases
q99880,H2B,K17,o43615,157,3a0801s03tim44
p58876,H2B,K17,o43615,157,3a0801s03tim44
p58876,H2B,K6,q8wz42,8370,I-set
p0c0s8,H2A,K6,p05204,18,HMG14_17
p0c0s8,H2A,K6,o43615,157,3a0801s03tim44
q93079,H2B,K47,o95394,400,PGM3
p68431,H3,K28,p62826,134,RAN
p10412,H1,K195,p06748,27,Nucleoplasmin
p0c0s8,H2A,K6,p61326,48,Mago_nashi
q93079,H2B,K86,p16949,75,Stathmin
o60814,H2B,K86,p16949,75,Stathmin
p58876,H2B,K6,o60678,279,AdoMet_MTases
p16403,H1,K206,q02878,36,Ribosomal_L6e_N
p10412,H1,K213,q9y3u8,38,Ribosomal_L36e
p62805,H4,K13,o00268,1016,TAF4
p62807,H2B,K12,q9ube0,208,Aos1_SUMO
o60814,H2B,K12,q9ube0,208,Aos1_SUMO
p62805,H4,K78,p35749,1337,Myosin_tail_1
p62807,H2B,K86,p33991,719,MCM
o60814,H2B,K86,p33991,719,MCM
q71di3,H3,K80,q9h7z7,225,GST_C_mPGES2
p68431,H3,K5,p63104,9,14-3-3_beta_zeta
p58876,H2B,K6,o00268,987,TAF4
p68431,H3,K15,q9nq29,224,LUC7
p10412,H1,K26,p09429,8,HMG-box_HMGB_rpt1
p68431,H3,K15,q8ww32,8,HMG-box_HMGB_rpt1
p16402,H1,K110,p17301,323,vWA_integrins_alpha_subunit
p16402,H1,K111,p17301,323,vWA_integrins_alpha_subunit
p16402,H1,K111,p27348,85,14-3-3_theta
q93079,H2B,K109,q13442,119,PP28
p62807,H2B,K6,p61254,122,Ribosomal_L26
q16695,H3,K15,q9y3u8,19,Ribosomal_L36e
q99879,H2B,K17,p13797,447,CH_PLS3_rpt3
p57053,H2B,K24,p63104,85,14-3-3_beta_zeta
p62807,H2B,K12,q9nr22,135,AdoMet_MTases
p62807,H2B,K13,q9nr22,135,AdoMet_MTases
p62807,H2B,K16,q9nr22,135,AdoMet_MTases
o60814,H2B,K12,q9nr22,135,AdoMet_MTases
o60814,H2B,K13,q9nr22,135,AdoMet_MTases
o60814,H2B,K16,q9nr22,135,AdoMet_MTases
p10412,H1,K130,p46783,5,S10_plectin
q93079,H2B,K86,p35580,646,MYSc_Myh10
q93079,H2B,K86,p35580,647,MYSc_Myh10
p68431,H3,K15,p30519,106,Heme_oxygenase
p62805,H4,K13,p13667,533,ER_PDI_fam
q9p0m6,H2A,K239,q14683,413,SMC_N
q9p0m6,H2A,K239,q14683,414,SMC_N
p68431,H3,K80,q9h7z7,225,GST_C_mPGES2
p10412,H1,K217,p55145,70,ARMET_N
p0c0s8,H2A,K37,q8wz42,17982,FN3
p68431,H3,K24,p63104,9,14-3-3_beta_zeta
p68431,H3,K24,p62316,88,Sm_D2
q93077,H2A,K96,p35749,1655,Myosin_tail_1
q71ui9,H2A,K12,o15355,80,PP2Cc
q71ui9,H2A,K12,o15355,83,PP2Cc
q71ui9,H2A,K12,o15355,86,PP2Cc
p62807,H2B,K121,q15651,20,HMG14_17
q71ui9,H2A,K5,q01105,177,NAP
q71ui9,H2A,K5,q01105,181,NAP
q71ui9,H2A,K8,q01105,177,NAP
q71ui9,H2A,K8,q01105,181,NAP
p68431,H3,K5,p05204,18,HMG14_17
q99880,H2B,K12,p35580,1795,Myosin_tail_1
p58876,H2B,K12,p35580,1795,Myosin_tail_1
o75367,H2A,K121,p35749,1869,Myosin_tail_1
p58876,H2B,K12,p05455,280,RRM_3
p62805,H4,K6,p05114,55,HMG14_17
p62805,H4,K6,p05114,59,HMG14_17
p62805,H4,K9,p05114,55,HMG14_17
p62805,H4,K9,p05114,59,HMG14_17
p62807,H2B,K58,p23921,465,PLN02437
o60814,H2B,K58,p23921,465,PLN02437
q6fi13,H2A,K120,p62266,79,PTZ00067
p68431,H3,K24,o75116,900,ROCK_SBD
p62805,H4,K6,o00268,1016,TAF4
p68431,H3,K123,p37108,42,SRP14
p62807,H2B,K25,o43615,157,3a0801s03tim44
o60814,H2B,K25,o43615,157,3a0801s03tim44
p68431,H3,K24,p35580,1619,Myosin_tail_1
p62807,H2B,K86,p35580,1655,Myosin_tail_1
o60814,H2B,K86,p35580,1655,Myosin_tail_1
p07305,H1,K184,q14683,268,SMC_N
p07305,H1,K184,q14683,272,SMC_N
p07305,H1,K188,q14683,268,SMC_N
p07305,H1,K188,q14683,272,SMC_N
q93079,H2B,K109,p05114,35,HMG14_17
o60814,H2B,K109,p05114,35,HMG14_17
p62807,H2B,K109,p07814,839,WEPRS_RNA
o60814,H2B,K109,p07814,839,WEPRS_RNA
p62805,H4,K78,q9y673,143,DPG_synthase
q02539,H1,K35,p06733,105,PLN00191
p68431,H3,K80,q9y673,143,DPG_synthase
q96a08,H2B,K110,q9y673,143,DPG_synthase
o60814,H2B,K109,q9y673,143,DPG_synthase
q93079,H2B,K109,q9y673,143,DPG_synthase
p16403,H1,K46,p07814,839,WEPRS_RNA
p16403,H1,K46,p07814,841,WEPRS_RNA
p16403,H1,K17,q8n0t1,3,DUF4665
p16403,H1,K21,q8n0t1,3,DUF4665
q93079,H2B,K109,p07814,771,WHEP-TRS
o60814,H2B,K109,p07814,771,WHEP-TRS
p16403,H1,K46,q96m83,2,BioT2
q93079,H2B,K109,p07814,839,WEPRS_RNA
p62805,H4,K78,q9y673,143,DPG_synthase
p62807,H2B,K109,q00535,3,STKc_CDK5
o60814,H2B,K109,q00535,3,STKc_CDK5
q96a08,H2B,K110,p07814,839,WEPRS_RNA
p16403,H1,K46,q8n0t1,3,DUF4665
q02539,H1,K35,p06733,89,PLN00191
p62807,H2B,K117,p47813,7,PTZ00329
q02539,H1,K35,p06733,92,PLN00191
p16403,H1,K46,p21333,739,IG_FLMN
p16403,H1,K75,q8n0t1,3,DUF4665
q96a08,H2B,K110,p47813,7,PTZ00329
o75367,H2A,K7,p06744,234,pgi
q93079,H2B,K109,a6ql64,1723,CCDC144C
q93079,H2B,K117,a6ql64,1723,CCDC144C
o60814,H2B,K109,a6ql64,1723,CCDC144C
o60814,H2B,K117,a6ql64,1723,CCDC144C
p68431,H3,K80,p07814,839,WEPRS_RNA
q99880,H2B,K109,q9y673,143,DPG_synthase
p58876,H2B,K109,q9y673,143,DPG_synthase
q6fi13,H2A,K119,p07814,839,WEPRS_RNA
p10412,H1,K46,q5vte0,460,PTZ00141
p68431,H3,K80,o75937,108,DnaJ
p68431,H3,K80,o75937,108,CbpA
q93079,H2B,K6,q99848,255,Ebp2
p04908,H2A,K96,q8ivf4,2848,AAA_8
p68431,H3,K24,p78371,402,TCP1_beta
p62805,H4,K78,q5jpf3,1560,CCDC144C
q71ui9,H2A,K5,o75937,98,DnaJ
q71ui9,H2A,K5,o75937,98,CbpA
p62805,H4,K32,p07814,839,WEPRS_RNA
p62807,H2B,K109,q99848,255,Ebp2
q71di3,H3,K57,q8iwx8,39,SWAP
p16403,H1,K46,q5t2n8,164,RecA-like_ATAD3-like
p16403,H1,K52,q5t2n8,164,RecA-like_ATAD3-like
p68431,H3,K123,q53sf7,167,Cobl
p62805,H4,K80,q9y673,143,DPG_synthase
q93079,H2B,K117,q9y673,143,DPG_synthase
o60814,H2B,K117,q9y673,143,DPG_synthase
p68431,H3,K57,p07814,839,WEPRS_RNA
p68431,H3,K57,p07814,841,WEPRS_RNA
q99880,H2B,K117,q9y673,143,DPG_synthase
p58876,H2B,K117,q9y673,143,DPG_synthase
p68431,H3,K80,q9nyc9,3319,MT
p62807,H2B,K16,q05639,439,PTZ00141
o60814,H2B,K16,q05639,439,PTZ00141
q93079,H2B,K6,q16658,244,Fascin
p68431,H3,K28,p07814,839,WEPRS_RNA
q99880,H2B,K121,q9y5k8,55,ATP-synt_D
p58876,H2B,K121,q9y5k8,55,ATP-synt_D
p62807,H2B,K6,q15910,611,SET_EZH2
p62807,H2B,K12,q15910,611,SET_EZH2
o60814,H2B,K6,q15910,611,SET_EZH2
o60814,H2B,K12,q15910,611,SET_EZH2
q71di3,H3,K28,p07814,839,WEPRS_RNA
q71di3,H3,K28,p07814,841,WEPRS_RNA
p16403,H1,K90,p00374,55,DHFR
q93079,H2B,K6,q5t2n8,164,RecA-like_ATAD3-like
p84243,H3,K28,p07814,839,WEPRS_RNA
p84243,H3,K28,p07814,841,WEPRS_RNA
p62807,H2B,K109,o75175,4,Not3
o60814,H2B,K109,o75175,4,Not3
q99880,H2B,K121,p07814,839,WEPRS_RNA
q99880,H2B,K121,p07814,841,WEPRS_RNA
p58876,H2B,K121,p07814,839,WEPRS_RNA
p58876,H2B,K121,p07814,841,WEPRS_RNA
q02539,H1,K29,p06733,89,PLN00191
p62805,H4,K92,o14645,211,Ax_dynein_light
q93079,H2B,K121,p62736,317,PTZ00281
p68431,H3,K123,q53sf7,167,Cobl
p0c0s8,H2A,K126,p07814,839,WEPRS_RNA
p62807,H2B,K6,p07814,839,WEPRS_RNA
o60814,H2B,K6,p07814,839,WEPRS_RNA
p62805,H4,K80,o14578,1457,PH
q96a08,H2B,K122,q99613,268,eIF-3c_N
q96a08,H2B,K122,q99613,272,eIF-3c_N
p58876,H2B,K121,q99613,268,eIF-3c_N
p58876,H2B,K121,q99613,272,eIF-3c_N
p62805,H4,K78,p47813,7,PTZ00329
p62805,H4,K80,o75175,4,Not3
p68431,H3,K57,q8iwx8,39,SWAP
q93079,H2B,K35,p68104,64,PTZ00141
o60814,H2B,K35,p68104,64,PTZ00141
p62805,H4,K32,q9y673,143,DPG_synthase
p16403,H1,K34,p07814,839,WEPRS_RNA
p62807,H2B,K6,o15083,665,Cast
o60814,H2B,K6,o15083,665,Cast
p16403,H1,K106,p00374,55,DHFR
q02539,H1,K88,q00535,3,STKc_CDK5
q02539,H1,K88,q00535,6,STKc_CDK5
p16403,H1,K85,q00535,3,STKc_CDK5
p16403,H1,K85,q00535,6,STKc_CDK5
p62807,H2B,K35,q5vte0,64,PTZ00141
o60814,H2B,K35,q5vte0,64,PTZ00141
p16403,H1,K52,q03001,38,CH_DYST_rpt1
q71di3,H3,K5,q9y680,110,FKBP_C
p62805,H4,K78,o75175,4,Not3
p16403,H1,K140,p20020,356,ATPase-IIB_Ca
p62807,H2B,K117,q8n335,29,glycerol3P_DH
o60814,H2B,K117,q8n335,29,glycerol3P_DH
p68431,H3,K19,q9y673,143,DPG_synthase
p10412,H1,K52,p00374,55,DHFR
p16403,H1,K63,q16531,1060,CPSF_A
p62807,H2B,K6,q9bvp2,215,Nucleostemin_like
p16403,H1,K34,q5t2n8,164,RecA-like_ATAD3-like
p16403,H1,K46,q5t2n8,164,RecA-like_ATAD3-like
p16403,H1,K52,q5t2n8,164,RecA-like_ATAD3-like
p68431,H3,K5,q5t5y3,897,CAMSAP_CC1
p62805,H4,K80,p47813,7,PTZ00329
p68431,H3,K80,q9uq16,529,PH_dynamin
p10412,H1,K46,p05997,1420,COLFI
p62805,H4,K80,q9y673,143,DPG_synthase
p16403,H1,K168,q9y224,241,RLL
p68431,H3,K80,q9h2p0,616,ADNP_N
p68431,H3,K37,p07814,839,WEPRS_RNA
p10412,H1,K140,q00535,3,STKc_CDK5
p10412,H1,K140,q00535,6,STKc_CDK5
p0c0s8,H2A,K96,q8wwl7,1200,CYCLIN_CCNB3_rpt1
p0c0s8,H2A,K96,q8wwl7,1202,CYCLIN_CCNB3_rpt1
q93079,H2B,K35,p26641,132,GST_C_EF1Bgamma_like
o60814,H2B,K35,p26641,132,GST_C_EF1Bgamma_like
p04908,H2A,K96,q9ny12,140,Gar1
p04908,H2A,K96,q9ny12,150,Gar1
p16403,H1,K122,p51114,152,KH_I_FXR1_rpt1
q93079,H2B,K6,o75487,397,Glypican
p62807,H2B,K16,q5vte0,439,PTZ00141
o60814,H2B,K16,q5vte0,439,PTZ00141
p62807,H2B,K121,p20020,322,ATPase-IIB_Ca
p62805,H4,K32,p07814,839,WEPRS_RNA
p62805,H4,K32,p07814,841,WEPRS_RNA
q99880,H2B,K121,q9y673,143,DPG_synthase
q99880,H2B,K121,q14839,833,DEXHc_CHD4
p58876,H2B,K121,q9y673,143,DPG_synthase
p58876,H2B,K121,q14839,833,DEXHc_CHD4
p62807,H2B,K6,p07814,839,WEPRS_RNA
o60814,H2B,K6,p07814,839,WEPRS_RNA
q16695,H3,K80,q9uq16,541,PH_dynamin
p62807,H2B,K16,q5vte0,439,PTZ00141
o60814,H2B,K16,q5vte0,439,PTZ00141
p68431,H3,K57,q13315,2810,PIKKc_ATM
p16403,H1,K122,q96m83,2,BioT2
p62807,H2B,K6,q06787,614,FXMR_C2
p16403,H1,K127,p20020,356,ATPase-IIB_Ca
p68431,H3,K123,q8iwx8,39,SWAP
p16104,H2A,K37,q5vte0,64,PTZ00141
q71ui9,H2A,K8,p06733,5,PLN00191
q71ui9,H2A,K12,p06733,5,PLN00191
p62805,H4,K13,p47813,7,PTZ00329
p62805,H4,K17,p47813,7,PTZ00329
p16403,H1,K160,p07814,839,WEPRS_RNA
p16403,H1,K160,p07814,841,WEPRS_RNA
q93079,H2B,K17,q9y673,143,DPG_synthase
o60814,H2B,K17,q9y673,143,DPG_synthase
q6fi13,H2A,K126,p07814,839,WEPRS_RNA
q6fi13,H2A,K126,p07814,841,WEPRS_RNA
p68431,H3,K19,q8wxs8,731,ADAM_spacer1
q93079,H2B,K21,o60885,406,Bromo_Brdt_II_like
o60814,H2B,K21,o60885,406,Bromo_Brdt_II_like
q71ui9,H2A,K5,p06733,5,PLN00191
q71ui9,H2A,K8,p06733,5,PLN00191
q71ui9,H2A,K12,p06733,5,PLN00191
p0c0s8,H2A,K37,p68104,64,PTZ00141
p16403,H1,K122,p41223,3,G10
q93079,H2B,K6,q5czc0,5986,FSIP2
p68431,H3,K5,p07814,839,WEPRS_RNA
p68431,H3,K5,a8mt82,338,PH_AGAP
q93079,H2B,K121,p07814,839,WEPRS_RNA
q93079,H2B,K121,p07814,841,WEPRS_RNA
p16104,H2A,K37,p68104,64,PTZ00141
p06899,H2B,K121,q8n0t1,3,DUF4665
o60814,H2B,K121,q8n0t1,3,DUF4665
p62805,H4,K9,q9y673,143,DPG_synthase
p62807,H2B,K13,q13561,75,Dynamitin
p62807,H2B,K6,q13561,75,Dynamitin
p62807,H2B,K12,q13561,75,Dynamitin
p62807,H2B,K13,q13561,75,Dynamitin
p68431,H3,K5,q8wxs8,731,ADAM_spacer1
q99880,H2B,K17,q9y673,143,DPG_synthase
p58876,H2B,K17,q9y673,143,DPG_synthase
p68431,H3,K19,q6nun7,682,DUF4591
p68431,H3,K19,p78371,441,TCP1_beta
q71di3,H3,K19,p51114,152,KH_I_FXR1_rpt1
p68431,H3,K15,p07814,839,WEPRS_RNA
p68431,H3,K15,p07814,841,WEPRS_RNA
q02539,H1,K179,p06733,5,PLN00191
p68431,H3,K5,p07814,839,WEPRS_RNA
p68431,H3,K5,p07814,841,WEPRS_RNA
p68431,H3,K19,p07384,653,EFh_PEF_CAPN1
p68431,H3,K19,p07814,839,WEPRS_RNA
p20671,H2A,K37,q9bsj8,417,C2A_C2C_Synaptotagmin_like
p68431,H3,K24,p07814,839,WEPRS_RNA
p58876,H2B,K6,q9ulw3,97,RRM_ABT1_like
p58876,H2B,K6,q9ulw3,97,RRM_ABT1_like
p62807,H2B,K6,q8iyd1,265,TEF1
p62807,H2B,K121,p07814,839,WEPRS_RNA
p58876,H2B,K121,p07814,839,WEPRS_RNA
p68431,H3,K123,q53sf7,167,Cobl
p16104,H2A,K135,q14126,66,Cadherin_repeat
p16104,H2A,K135,q14126,67,Cadherin_repeat
p68431,H3,K19,q16204,125,DUF2046
q93079,H2B,K21,p06733,60,PLN00191
o60814,H2B,K21,p06733,60,PLN00191
p62805,H4,K78,p47813,7,PTZ00329
p62805,H4,K6,q9y673,143,DPG_synthase
p16402,H1,K170,p06733,60,PLN00191
p16402,H1,K173,p06733,60,PLN00191
p16402,H1,K176,p06733,60,PLN00191
p68431,H3,K24,q9y673,143,DPG_synthase
p62807,H2B,K6,q92520,191,ILEI_FAM3C
p62807,H2B,K12,q92520,191,ILEI_FAM3C
p62807,H2B,K13,q92520,191,ILEI_FAM3C
p0c0s8,H2A,K120,p30520,228,Adenylsucc_synt
o60814,H2B,K6,q92520,191,ILEI_FAM3C
o60814,H2B,K12,q92520,191,ILEI_FAM3C
o60814,H2B,K13,q92520,191,ILEI_FAM3C
q93079,H2B,K12,q13838,183,DEADc_DDX39
q93079,H2B,K13,q13838,183,DEADc_DDX39
q93079,H2B,K16,q13838,183,DEADc_DDX39
o60814,H2B,K12,q13838,183,DEADc_DDX39
o60814,H2B,K13,q13838,183,DEADc_DDX39
o60814,H2B,K16,q13838,183,DEADc_DDX39
p16403,H1,K140,p41223,3,G10
q99880,H2B,K109,q66pj3,192,SR-25
p62805,H4,K13,p47813,7,PTZ00329
q71di3,H3,K19,p07814,839,WEPRS_RNA
q71di3,H3,K19,p07814,841,WEPRS_RNA
p22492,H1,K176,p07814,839,WEPRS_RNA
p22492,H1,K184,p07814,839,WEPRS_RNA
p62807,H2B,K6,p47756,136,F_actin_cap_B
q99880,H2B,K12,q9y673,143,DPG_synthase
p58876,H2B,K12,q9y673,143,DPG_synthase
q16695,H3,K15,q01469,112,FABP5
q6fi13,H2A,K120,p07814,839,WEPRS_RNA
o75367,H2A,K7,q9y673,143,DPG_synthase
q16695,H3,K57,p07814,839,WEPRS_RNA
q16695,H3,K57,p07814,841,WEPRS_RNA
p68431,H3,K5,q8ncm8,1471,DHC_N2
q93079,H2B,K109,p22413,816,NUC
o60814,H2B,K109,p22413,816,NUC
p10412,H1,K21,p39748,369,PTZ00217
p16403,H1,K211,p54132,839,recQ_fam
p62807,H2B,K35,q5vte0,64,PTZ00141
o60814,H2B,K35,q5vte0,64,PTZ00141
p62807,H2B,K121,q99613,268,eIF-3c_N
p62807,H2B,K121,q99613,272,eIF-3c_N
p62807,H2B,K6,q86vp6,1158,TIP120
p62807,H2B,K6,q16658,244,Fascin
p0c0s8,H2A,K120,p47813,5,PTZ00329
p68431,H3,K24,p07814,839,WEPRS_RNA
q9p0m6,H2A,K235,p06733,54,PLN00191
p0c0s8,H2A,K120,p07814,839,WEPRS_RNA
q99877,H2B,K6,q05639,443,PTZ00141
q99880,H2B,K6,q05639,443,PTZ00141
q99880,H2B,K121,q03001,861,SPEC
p58876,H2B,K121,q03001,861,SPEC
p62805,H4,K13,p07814,839,WEPRS_RNA
p62805,H4,K13,p07814,841,WEPRS_RNA
p68431,H3,K28,p07814,839,WEPRS_RNA
p62807,H2B,K17,q8ix18,601,HrpA
o60814,H2B,K17,q8ix18,601,HrpA
p10412,H1,K52,q5vte0,457,PTZ00141
p62805,H4,K9,p07814,839,WEPRS_RNA
p62805,H4,K9,p07814,841,WEPRS_RNA
q93079,H2B,K13,o75487,397,Glypican
q93079,H2B,K16,o75487,397,Glypican
q93079,H2B,K17,o75487,397,Glypican
o60814,H2B,K13,o75487,397,Glypican
o60814,H2B,K16,o75487,397,Glypican
o60814,H2B,K17,o75487,397,Glypican
p62807,H2B,K6,q9nvi1,900,FANCI
o60814,H2B,K6,q9nvi1,900,FANCI
p62807,H2B,K86,q5jqc9,479,AKAP_110
o60814,H2B,K86,q5jqc9,479,AKAP_110
q93079,H2B,K12,p07814,839,WEPRS_RNA
q93079,H2B,K12,p07814,841,WEPRS_RNA
o60814,H2B,K12,p07814,839,WEPRS_RNA
o60814,H2B,K12,p07814,841,WEPRS_RNA
q71di3,H3,K24,p07814,839,WEPRS_RNA
q71di3,H3,K24,p07814,841,WEPRS_RNA
p10412,H1,K127,p51114,152,KH_I_FXR1_rpt1
q93079,H2B,K109,q8n0t1,3,DUF4665
o60814,H2B,K109,q8n0t1,3,DUF4665
p16104,H2A,K37,q5vte0,64,PTZ00141
p10412,H1,K130,p07814,841,WEPRS_RNA
p62805,H4,K13,p07814,839,WEPRS_RNA
p68431,H3,K5,q9bsj8,1054,C2C_KIAA1228
p16403,H1,K27,p07814,839,WEPRS_RNA
p16403,H1,K27,p07814,841,WEPRS_RNA
p68431,H3,K24,q9nyc9,3319,MT
p0c0s8,H2A,K96,q9ntx9,219,FAM217
p0c0s8,H2A,K96,q9ntx9,202,FAM217
p0c0s8,H2A,K96,q9ntx9,205,FAM217
q93079,H2B,K12,q9y673,143,DPG_synthase
o60814,H2B,K12,q9y673,143,DPG_synthase
p62807,H2B,K25,q13838,183,DEADc_DDX39
o60814,H2B,K25,q13838,183,DEADc_DDX39
p68431,H3,K19,q96k17,18,NAC_BTF3
p0c0s8,H2A,K37,q92896,943,Cys_rich_FGFR
q93079,H2B,K25,p10515,387,PDHac_trf_mito
o60814,H2B,K25,p10515,387,PDHac_trf_mito
p07814,H2B,K839,p62807,109,WHEP-TRS
p07814,H2B,K839,o60814,109,WHEP-TRS
p07814,H1,K839,p16403,46,WHEP-TRS
p07814,H1,K841,p16403,46,WHEP-TRS
p07814,H2B,K771,q93079,109,WHEP-TRS
p07814,H2B,K771,o60814,109,WHEP-TRS
p07814,H2B,K839,q93079,109,WHEP-TRS
p07814,H2B,K839,q96a08,110,WHEP-TRS
p07814,H3,K839,p68431,80,WHEP-TRS
p07814,H2A,K839,q6fi13,119,WHEP-TRS
p07814,H4,K839,p62805,32,WHEP-TRS
p07814,H3,K839,p68431,57,WHEP-TRS
p07814,H3,K841,p68431,57,WHEP-TRS
p07814,H3,K839,p68431,28,WHEP-TRS
p07814,H3,K839,q71di3,28,WHEP-TRS
p07814,H3,K841,q71di3,28,WHEP-TRS
p07814,H3,K839,p84243,28,WHEP-TRS
p07814,H3,K841,p84243,28,WHEP-TRS
p07814,H2B,K839,q99880,121,WHEP-TRS
p07814,H2B,K841,q99880,121,WHEP-TRS
p07814,H2B,K839,p58876,121,WHEP-TRS
p07814,H2B,K841,p58876,121,WHEP-TRS
p07814,H2A,K839,p0c0s8,126,WHEP-TRS
p07814,H1,K839,p16403,34,WHEP-TRS
p07814,H3,K839,p68431,37,WHEP-TRS
p07814,H4,K839,p62805,32,WHEP-TRS
p07814,H4,K841,p62805,32,WHEP-TRS
p07814,H2A,K839,q6fi13,126,WHEP-TRS
p07814,H2A,K841,q6fi13,126,WHEP-TRS
p07814,H3,K839,p68431,5,WHEP-TRS
p07814,H2B,K839,q93079,121,WHEP-TRS
p07814,H2B,K841,q93079,121,WHEP-TRS
p07814,H3,K839,p68431,15,WHEP-TRS
p07814,H3,K841,p68431,15,WHEP-TRS
p07814,H3,K839,p68431,5,WHEP-TRS
p07814,H3,K841,p68431,5,WHEP-TRS
p07814,H3,K839,p68431,19,WHEP-TRS
p07814,H3,K839,p68431,24,WHEP-TRS
p07814,H2B,K839,p62807,121,WHEP-TRS
p07814,H2B,K839,p58876,121,WHEP-TRS
p07814,H3,K839,q71di3,19,WHEP-TRS
p07814,H3,K841,q71di3,19,WHEP-TRS
p07814,H2A,K839,q6fi13,120,WHEP-TRS
p07814,H3,K839,q16695,57,WHEP-TRS
p07814,H3,K841,q16695,57,WHEP-TRS
p07814,H3,K839,p68431,24,WHEP-TRS
p07814,H2A,K839,p0c0s8,120,WHEP-TRS
p07814,H4,K839,p62805,13,WHEP-TRS
p07814,H4,K841,p62805,13,WHEP-TRS
p07814,H3,K839,p68431,28,WHEP-TRS
p07814,H4,K839,p62805,9,WHEP-TRS
p07814,H4,K841,p62805,9,WHEP-TRS
p07814,H3,K839,q71di3,24,WHEP-TRS
p07814,H3,K841,q71di3,24,WHEP-TRS
p07814,H4,K839,p62805,13,WHEP-TRS
q9y673,H4,K143,p62805,78,DPG_synthase
q9y673,H3,K143,p68431,80,DPG_synthase
q9y673,H2B,K143,q96a08,110,DPG_synthase
q9y673,H2B,K143,o60814,109,DPG_synthase
q9y673,H2B,K143,q93079,109,DPG_synthase
q9y673,H4,K143,p62805,78,DPG_synthase
q9y673,H2B,K143,q99880,109,DPG_synthase
q9y673,H2B,K143,p58876,109,DPG_synthase
q9y673,H4,K143,p62805,80,DPG_synthase
q9y673,H2B,K143,q93079,117,DPG_synthase
q9y673,H2B,K143,o60814,117,DPG_synthase
q9y673,H2B,K143,q99880,117,DPG_synthase
q9y673,H2B,K143,p58876,117,DPG_synthase
q9y673,H4,K143,p62805,32,DPG_synthase
q9y673,H3,K143,p68431,19,DPG_synthase
q9y673,H4,K143,p62805,80,DPG_synthase
q9y673,H2B,K143,q99880,121,DPG_synthase
q9y673,H2B,K143,p58876,121,DPG_synthase
q9y673,H4,K143,p62805,9,DPG_synthase
q9y673,H4,K143,p62805,6,DPG_synthase
q9y673,H3,K143,p68431,24,DPG_synthase
q9y673,H2A,K143,o75367,7,DPG_synthase
p06733,H2A,K54,q9p0m6,235,PLN00191
q5czc0,H2B,K10,p62807,109,FSIP2
q5czc0,H3,K658,q71di3,80,FSIP2
q8n0t1,H1,K3,p16403,46,DUF4665
q8n0t1,H1,K3,p16403,75,DUF4665
q8n0t1,H2B,K3,p06899,121,DUF4665
q8n0t1,H2B,K3,o60814,121,DUF4665
q8n0t1,H2B,K3,q93079,109,DUF4665
q8n0t1,H2B,K3,o60814,109,DUF4665
q9ug63,H1,K12,p16403,46,Uup
q9ug63,H2B,K9,p62807,121,Uup
q9ug63,H2B,K9,q96a08,122,Uup
q9ug63,H2B,K9,p58876,121,Uup
q9ug63,H2A,K25,p0c0s8,10,Uup
q9ug63,H2B,K12,q93079,47,Uup
q9ug63,H2B,K12,o60814,47,Uup
q9ug63,H2B,KN-Term,p58876,121,Uup
q9ug63,H2B,K9,p58876,121,Uup
q9ug63,H2B,K9,q93079,109,Uup
p47813,H2B,K7,p62807,117,PTZ00329
p47813,H2B,K7,q96a08,110,PTZ00329
p47813,H4,K7,p62805,78,PTZ00329
p47813,H4,K7,p62805,80,PTZ00329
p47813,H4,K7,p62805,13,PTZ00329
p47813,H4,K7,p62805,17,PTZ00329
p47813,H4,K7,p62805,78,PTZ00329
p47813,H4,K7,p62805,13,PTZ00329
p47813,H2A,K5,p0c0s8,120,PTZ00329
q96m83,H1,K2,p16403,46,BioT2
o14578,H2B,K600,q99880,109,PH
o14578,H4,K1457,p62805,80,PH
o14578,H2A,K1980,q6fi13,37,PH
q00535,H2B,K3,p62807,109,STKc_CDK5
q00535,H2B,K3,o60814,109,STKc_CDK5
q00535,H1,K3,q02539,88,STKc_CDK5
q00535,H1,K6,q02539,88,STKc_CDK5
q00535,H1,K3,p16403,85,STKc_CDK5
q00535,H1,K6,p16403,85,STKc_CDK5
p21333,H1,K739,p16403,46,IG_FLMN
p51572,H2B,K167,q16778,35,Bap31_Bap29_C
p51572,H4,K159,p62805,13,Bap31_Bap29_C
p06744,H2A,K234,o75367,7,pgi
a6ql64,H2B,K1723,q93079,109,CCDC144C
a6ql64,H2B,K1723,q93079,117,CCDC144C
a6ql64,H2B,K1723,o60814,109,CCDC144C
a6ql64,H2B,K1723,o60814,117,CCDC144C
q5vte0,H1,K460,p10412,46,PTZ00141
q5vte0,H2B,K64,p62807,35,PTZ00141
q5vte0,H2B,K64,o60814,35,PTZ00141
q5vte0,H2A,K64,p16104,37,PTZ00141
q5vte0,H2B,K64,p62807,35,PTZ00141
q5vte0,H2B,K64,o60814,35,PTZ00141
q5vte0,H1,K457,p10412,52,PTZ00141
q5vte0,H2A,K64,p16104,37,PTZ00141
o75937,H3,K108,p68431,80,DnaJ
q99848,H2B,K255,p62807,109,Ebp2
q8ivf4,H2A,K2848,p04908,96,AAA_8
p78371,H3,K402,p68431,24,TCP1_beta
p78371,H3,K441,p68431,19,TCP1_beta
q5jpf3,H4,K1560,p62805,78,CCDC144C
q8iwx8,H3,K39,q71di3,57,SWAP
q8iwx8,H3,K39,p68431,57,SWAP
q8iwx8,H3,K39,p68431,123,SWAP
q5t2n8,H1,K164,p16403,46,RecA-like_ATAD3-like
q5t2n8,H1,K164,p16403,52,RecA-like_ATAD3-like
q5t2n8,H1,K164,p16403,34,RecA-like_ATAD3-like
q5t2n8,H1,K164,p16403,46,RecA-like_ATAD3-like
q5t2n8,H1,K164,p16403,52,RecA-like_ATAD3-like
q53sf7,H3,K167,p68431,123,Cobl
q53sf7,H3,K167,p68431,123,Cobl
q53sf7,H3,K167,p68431,123,Cobl
q03001,H4,K1381,p62805,80,CH_DYST_rpt1
q03001,H1,K38,p16403,52,CH_DYST_rpt1
q03001,H2B,K1381,q93079,109,CH_DYST_rpt1
q03001,H2B,K1381,o60814,109,CH_DYST_rpt1
q03001,H2A,K586,p0c0s8,126,CH_DYST_rpt1
q03001,H2B,K861,q99880,121,CH_DYST_rpt1
q03001,H2B,K861,p58876,121,CH_DYST_rpt1
q9nyc9,H3,K3319,p68431,80,MT
q9nyc9,H3,K3319,p68431,24,MT
q9y5k8,H2B,K55,q99880,121,ATP-synt_D
q9y5k8,H2B,K55,p58876,121,ATP-synt_D
p00374,H1,K55,p16403,90,DHFR
p00374,H1,K55,p16403,106,DHFR
p00374,H1,K55,p10412,52,DHFR
o75175,H2B,K4,p62807,109,Not3
o75175,H2B,K4,o60814,109,Not3
o75175,H4,K4,p62805,80,Not3
o75175,H4,K4,p62805,78,Not3
o14645,H4,K211,p62805,92,Ax_dynein_light
p62736,H2B,K317,q93079,121,PTZ00281
q99613,H2B,K268,q96a08,122,eIF-3c_N
q99613,H2B,K272,q96a08,122,eIF-3c_N
q99613,H2B,K268,p58876,121,eIF-3c_N
q99613,H2B,K272,p58876,121,eIF-3c_N
q99613,H2B,K268,p62807,121,eIF-3c_N
q99613,H2B,K272,p62807,121,eIF-3c_N
q99613,H3,K889,p68431,5,eIF-3c_N
p68104,H2B,K64,q93079,35,PTZ00141
p68104,H2B,K64,o60814,35,PTZ00141
p68104,H2A,K64,p0c0s8,37,PTZ00141
p68104,H2A,K64,p16104,37,PTZ00141
q8wwl7,H3,K156,p68431,123,CYCLIN_CCNB3_rpt1
q8wwl7,H2A,K1200,p0c0s8,96,CYCLIN_CCNB3_rpt1
q8wwl7,H2A,K1202,p0c0s8,96,CYCLIN_CCNB3_rpt1
q9nr30,H1,K59,p10412,52,SrmB
q9y680,H3,K110,q71di3,5,FKBP_C
p20020,H2B,K322,p62807,121,ATPase-IIB_Ca
q8n335,H2B,K29,p62807,117,glycerol3P_DH
q8n335,H2B,K29,o60814,117,glycerol3P_DH
q66pj3,H2B,K192,q99880,109,SR-25
q96jb1,H3,K3619,p68431,24,DHC_N1
q96jb1,H3,K3619,p68431,5,DHC_N1
q96jb1,H3,K3619,p68431,19,DHC_N1
q96jb1,H3,K3619,p68431,24,DHC_N1
q16531,H1,K1060,p16403,63,CPSF_A
q5t5y3,H3,K897,p68431,5,CAMSAP_CC1
q9ny12,H3,K165,q71di3,19,Gar1
q9ny12,H2A,K140,p04908,96,Gar1
q9ny12,H2A,K150,p04908,96,Gar1
q9ny12,H3,K165,p68431,5,Gar1
q9uq16,H3,K529,p68431,80,PH_dynamin
q9uq16,H3,K541,q16695,80,PH_dynamin
p05997,H1,K1420,p10412,46,COLFI
q9h2p0,H3,K616,p68431,80,ADNP_N
p26641,H2B,K132,q93079,35,GST_C_EF1Bgamma_like
p26641,H2B,K132,o60814,35,GST_C_EF1Bgamma_like
p51114,H3,K152,q71di3,19,KH_I_FXR1_rpt1
q14839,H2B,K833,q99880,121,DEXHc_CHD4
q14839,H2B,K833,p58876,121,DEXHc_CHD4
q14839,H3,K285,p68431,24,DEXHc_CHD4
q14839,H3,K287,p68431,24,DEXHc_CHD4
q14839,H2B,K261,q96a08,122,DEXHc_CHD4
q14839,H2B,K261,p58876,121,DEXHc_CHD4
q13315,H3,K2810,p68431,57,PIKKc_ATM
q86wp2,H3,K176,q16695,5,Vasculin
q86wp2,H3,K176,p68431,24,Vasculin
p49454,H4,K326,p62805,13,CENP-F_N
q8wxs8,H3,K731,p68431,19,ADAM_spacer1
q8wxs8,H3,K731,p68431,5,ADAM_spacer1
a8mt82,H3,K338,p68431,5,PH_AGAP
q6nun7,H3,K682,p68431,19,DUF4591
p07384,H3,K653,p68431,19,EFh_PEF_CAPN1
q9bsj8,H2A,K417,p20671,37,C2C_KIAA1228
q9bsj8,H3,K1054,p68431,5,C2C_KIAA1228
q16204,H3,K125,p68431,19,DUF2046
q8ne71,H2B,K184,p62807,109,Uup
q8ne71,H2B,K184,o60814,109,Uup
q9bxw9,H3,K30,q16695,5,FancD2
p30520,H2A,K228,p0c0s8,120,Adenylsucc_synt
q01469,H3,K112,q16695,15,FABP5
q8ncm8,H3,K1471,p68431,5,DHC_N2
p22413,H2B,K816,q93079,109,NUC
p22413,H2B,K816,o60814,109,NUC
q5jqc9,H2B,K479,p62807,86,AKAP_110
q5jqc9,H2B,K479,o60814,86,AKAP_110
q9ntx9,H2A,K219,p0c0s8,96,FAM217
q9ntx9,H2A,K202,p0c0s8,96,FAM217
q9ntx9,H2A,K205,p0c0s8,96,FAM217
q96k17,H3,K18,p68431,19,NAC_BTF3
q7z4v5,H3,K560,p68431,24,LEDGF
q92896,H2A,K943,p0c0s8,37,Cys_rich_FGFR
p62979,H2B,K63,p62807,109,Ubl_ubiquitin
p62979,H3,K48,p68431,123,Ubl_ubiquitin
p62979,H2B,K48,p62807,109,Ubl_ubiquitin
p62979,H2B,K48,q96a08,110,Ubl_ubiquitin
p62979,H4,K48,p62805,78,Ubl_ubiquitin
p62979,H3,K48,p68431,80,Ubl_ubiquitin
p62979,H2B,K63,q93079,109,Ubl_ubiquitin
p62979,H2A,K48,q6fi13,96,Ubl_ubiquitin
p62979,H2B,K6,q99880,109,Ubl_ubiquitin
p62979,H2B,K48,q93079,109,Ubl_ubiquitin
p62979,H1,K48,p10412,34,Ubl_ubiquitin
p62979,H2A,K48,p0c0s8,96,Ubl_ubiquitin
p62979,H2B,K6,p62807,109,Ubl_ubiquitin
p62979,H2B,K48,q99880,109,Ubl_ubiquitin
p62979,H3,K48,p68431,123,Ubl_ubiquitin
p62979,H2B,K6,q93079,109,Ubl_ubiquitin
p62979,H2B,K6,p62807,109,Ubl_ubiquitin
p62979,H3,K48,p68431,123,Ubl_ubiquitin
p62979,H3,K48,p68431,57,Ubl_ubiquitin
p62979,H2B,K6,q93079,109,Ubl_ubiquitin
p62979,H3,K48,q71di3,123,Ubl_ubiquitin
p62979,H2B,K48,q93079,117,Ubl_ubiquitin
p62979,H1,K48,p16403,34,Ubl_ubiquitin
p62979,H2A,K6,q6fi13,96,Ubl_ubiquitin
p62979,H2A,K48,q7l7l0,96,Ubl_ubiquitin
p62979,H2B,K48,q99880,117,Ubl_ubiquitin
p62979,H2B,K48,q99880,121,Ubl_ubiquitin
p62979,H4,K48,p62805,32,Ubl_ubiquitin
p62979,H2B,K48,p62807,117,Ubl_ubiquitin
p62979,H2B,K6,q96a08,110,Ubl_ubiquitin
p62979,H2B,K48,o60814,121,Ubl_ubiquitin
p62979,H3,K48,p68431,5,Ubl_ubiquitin
p62979,H2B,K48,q93079,121,Ubl_ubiquitin
p62979,H2A,K48,p04908,96,Ubl_ubiquitin
p62979,H2B,K63,q99880,109,Ubl_ubiquitin
p62979,H3,K48,p68431,123,Ubl_ubiquitin
p62979,H3,K6,p68431,57,Ubl_ubiquitin
p62979,H2B,K63,q96a08,110,Ubl_ubiquitin
p62979,H3,K48,p68431,19,Ubl_ubiquitin
p62979,H2A,K6,p0c0s8,96,Ubl_ubiquitin
p62979,H2B,K6,q96a08,110,Ubl_ubiquitin
p62979,H2A,K48,q6fi13,6,Ubl_ubiquitin
p62979,H2A,K48,p0c0s8,126,Ubl_ubiquitin
p62979,H3,K48,p68431,24,Ubl_ubiquitin
p62979,H3,K6,p68431,123,Ubl_ubiquitin
p62979,H2B,K48,p62807,121,Ubl_ubiquitin
p62979,H1,K48,p16403,75,Ubl_ubiquitin
p62979,H2A,K48,p0c0s8,6,Ubl_ubiquitin
p62979,H4,K48,p62805,9,Ubl_ubiquitin
p62979,H3,K48,q71di3,5,Ubl_ubiquitin
p62979,H2B,K48,q96a08,122,Ubl_ubiquitin
p62979,H2B,K63,q93079,121,Ubl_ubiquitin
p62979,H2B,K33,q93079,109,Ubl_ubiquitin
p62979,H3,K48,p68431,80,Ubl_ubiquitin
p62979,H3,K48,q16695,5,Ubl_ubiquitin
p62979,H2B,K63,p62807,109,Ubl_ubiquitin
p62979,H2A,K48,q6fi13,126,Ubl_ubiquitin
p62979,H2A,K6,p0c0s8,96,Ubl_ubiquitin
p62979,H3,K63,p68431,5,Ubl_ubiquitin
p62979,H3,K48,q71di3,123,Ubl_ubiquitin
p62979,H2A,K6,p0c0s8,96,Ubl_ubiquitin
p62979,H2A,K48,o75367,72,Ubl_ubiquitin
p62979,H2A,K48,q6fi13,10,Ubl_ubiquitin
p62979,H3,K48,p68431,10,Ubl_ubiquitin
p62979,H3,K63,p68431,5,Ubl_ubiquitin
p62979,H4,K48,p62805,45,Ubl_ubiquitin
p62979,H3,K48,q16695,80,Ubl_ubiquitin
p62979,H4,K48,p62805,6,Ubl_ubiquitin
p62979,H2A,K48,p0c0s8,16,Ubl_ubiquitin
p62979,H2A,K48,q9p0m6,72,Ubl_ubiquitin
p62979,H2A,K48,p0c0s8,126,Ubl_ubiquitin
p62979,H3,K63,p68431,19,Ubl_ubiquitin
p62979,H2A,K6,p0c0s8,75,Ubl_ubiquitin
p62979,H2A,K48,p0c0s8,75,Ubl_ubiquitin
p62979,H4,K48,p62805,13,Ubl_ubiquitin
p62979,H3,K6,p68431,5,Ubl_ubiquitin
p62979,H4,K48,p62805,78,Ubl_ubiquitin
p62979,H3,K6,p68431,57,Ubl_ubiquitin
p62979,H3,K48,q71di3,123,Ubl_ubiquitin
p62979,H4,K63,p62805,6,Ubl_ubiquitin
p62979,H2B,K33,q99880,109,Ubl_ubiquitin
p62979,H2A,K63,p0c0s8,6,Ubl_ubiquitin
p62979,H2A,K63,q6fi13,6,Ubl_ubiquitin
p62979,H2B,K78,o60814,121,Ubl_ubiquitin
p62987,H3,K48,p68431,123,Ribosomal_L40e
p62987,H2B,K48,p62807,109,Ribosomal_L40e
p62987,H2B,K48,q96a08,110,Ribosomal_L40e
p62987,H4,K48,p62805,78,Ribosomal_L40e
p62987,H3,K48,p68431,80,Ribosomal_L40e
p62987,H2B,K63,p62807,109,Ribosomal_L40e
p62987,H2A,K48,q6fi13,96,Ribosomal_L40e
p62987,H2B,K6,q99880,109,Ribosomal_L40e
p62987,H2B,K48,q93079,109,Ribosomal_L40e
p62987,H2B,K6,p62807,109,Ribosomal_L40e
p62987,H1,K48,p10412,34,Ribosomal_L40e
p62987,H2A,K48,p0c0s8,96,Ribosomal_L40e
p62987,H2B,K63,q93079,109,Ribosomal_L40e
p62987,H2B,K48,q99880,109,Ribosomal_L40e
p62987,H3,K48,p68431,123,Ribosomal_L40e
p62987,H2B,K6,p62807,109,Ribosomal_L40e
p62987,H3,K48,p68431,123,Ribosomal_L40e
p62987,H3,K48,p68431,57,Ribosomal_L40e
p62987,H2B,K6,q93079,109,Ribosomal_L40e
p62987,H3,K48,q71di3,123,Ribosomal_L40e
p62987,H2B,K48,q93079,117,Ribosomal_L40e
p62987,H2B,K6,q93079,109,Ribosomal_L40e
p62987,H1,K48,p16403,34,Ribosomal_L40e
p62987,H2A,K6,q6fi13,96,Ribosomal_L40e
p62987,H2A,K48,q7l7l0,96,Ribosomal_L40e
p62987,H2B,K48,q99880,117,Ribosomal_L40e
p62987,H2B,K48,q99880,121,Ribosomal_L40e
p62987,H4,K48,p62805,32,Ribosomal_L40e
p62987,H2B,K48,p62807,117,Ribosomal_L40e
p62987,H3,K48,p68431,5,Ribosomal_L40e
p62987,H2B,K48,q93079,121,Ribosomal_L40e
p62987,H2A,K48,p04908,96,Ribosomal_L40e
p62987,H2B,K63,q99880,109,Ribosomal_L40e
p62987,H3,K48,p68431,123,Ribosomal_L40e
p62987,H3,K6,p68431,57,Ribosomal_L40e
p62987,H3,K48,p68431,19,Ribosomal_L40e
p62987,H2B,K6,q96a08,110,Ribosomal_L40e
p62987,H2A,K48,q6fi13,6,Ribosomal_L40e
p62987,H2A,K48,p0c0s8,126,Ribosomal_L40e
p62987,H3,K48,p68431,24,Ribosomal_L40e
p62987,H3,K6,p68431,123,Ribosomal_L40e
p62987,H2B,K48,p62807,121,Ribosomal_L40e
p62987,H2A,K48,p0c0s8,6,Ribosomal_L40e
p62987,H4,K48,p62805,9,Ribosomal_L40e
p62987,H2B,K6,q96a08,110,Ribosomal_L40e
p62987,H3,K48,q71di3,5,Ribosomal_L40e
p62987,H2B,K48,q96a08,122,Ribosomal_L40e
p62987,H2B,K63,q93079,121,Ribosomal_L40e
p62987,H2B,K33,q93079,109,Ribosomal_L40e
p62987,H3,K48,p68431,80,Ribosomal_L40e
p62987,H3,K48,q16695,5,Ribosomal_L40e
p62987,H2B,K63,p62807,109,Ribosomal_L40e
p62987,H2A,K48,q6fi13,126,Ribosomal_L40e
p62987,H2A,K6,p0c0s8,96,Ribosomal_L40e
p62987,H3,K63,p68431,5,Ribosomal_L40e
p62987,H3,K48,q71di3,123,Ribosomal_L40e
p62987,H2A,K6,p0c0s8,96,Ribosomal_L40e
p62987,H3,K48,p68431,10,Ribosomal_L40e
p62987,H3,K63,p68431,5,Ribosomal_L40e
p62987,H4,K48,p62805,45,Ribosomal_L40e
p62987,H3,K48,q16695,80,Ribosomal_L40e
p62987,H4,K48,p62805,6,Ribosomal_L40e
p62987,H3,K63,p68431,19,Ribosomal_L40e
p62987,H2A,K48,p0c0s8,75,Ribosomal_L40e
p62987,H2A,K6,p0c0s8,96,Ribosomal_L40e
p62987,H4,K48,p62805,13,Ribosomal_L40e
p62987,H3,K6,p68431,5,Ribosomal_L40e
p62987,H4,K48,p62805,78,Ribosomal_L40e
p62987,H2A,K48,p0c0s8,16,Ribosomal_L40e
p62987,H3,K6,p68431,57,Ribosomal_L40e
p62987,H3,K48,q71di3,123,Ribosomal_L40e
p62987,H4,K63,p62805,6,Ribosomal_L40e
p62987,H2A,K6,p0c0s8,75,Ribosomal_L40e
p62987,H2B,K33,q99880,109,Ribosomal_L40e
p62987,H2A,K63,p0c0s8,6,Ribosomal_L40e
p62987,H2A,K63,q6fi13,6,Ribosomal_L40e
p05204,H2B,K82,q93079,109,HMG14_17
p05204,H2B,K82,o60814,109,HMG14_17
p05204,H2B,K11,q93079,109,HMG14_17
p05204,H2B,K11,o60814,109,HMG14_17
p05204,H2B,K11,q99880,121,HMG14_17
p05204,H2B,K11,p58876,121,HMG14_17
p05204,H2B,K18,p62807,121,HMG14_17
p05204,H2B,K18,p58876,121,HMG14_17
p05204,H2B,K18,q93079,117,HMG14_17
p05204,H2A,K82,q6fi13,6,HMG14_17
p05204,H2B,K11,q99880,109,HMG14_17
p05204,H2B,K11,p58876,109,HMG14_17
p05204,H2B,K11,q93079,121,HMG14_17
p05204,H2A,K82,p0c0s8,6,HMG14_17
p05204,H2B,K11,p58876,121,HMG14_17
p05204,H2B,K18,q99880,121,HMG14_17
p05204,H3,K82,p68431,19,HMG14_17
p05204,H2B,K18,q96a08,122,HMG14_17
p05204,H2B,K18,p62807,121,HMG14_17
p05204,H2B,K18,q93079,121,HMG14_17
p05204,H2B,K18,q93079,121,HMG14_17
p05204,H2B,K18,p62807,117,HMG14_17
p05204,H2B,K18,o60814,117,HMG14_17
p05204,H3,K18,p68431,5,HMG14_17
p05204,H2B,K11,p62807,121,HMG14_17
p05204,H2B,K82,q99880,109,HMG14_17
p05204,H2B,K82,p58876,109,HMG14_17
p05204,H2B,K18,p58876,121,HMG14_17
p05204,H2B,K18,p06899,121,HMG14_17
p05204,H2B,K18,o60814,121,HMG14_17
p05204,H2B,K18,q96a08,122,HMG14_17
p05204,H2B,K18,p58876,121,HMG14_17
p05204,H2B,K18,p62807,117,HMG14_17
p05204,H2B,K18,o60814,117,HMG14_17
p05204,H2B,K18,p58876,121,HMG14_17
p05204,H2B,K82,q93079,121,HMG14_17
p05204,H2B,K82,p58876,121,HMG14_17
p05204,H2B,K18,q99880,117,HMG14_17
p05204,H2B,K18,p58876,117,HMG14_17
p05204,H2B,K18,p62807,117,HMG14_17
p05204,H2B,K18,o60814,117,HMG14_17
p05204,H2B,K18,p06899,121,HMG14_17
p05204,H2B,K18,o60814,121,HMG14_17
p05204,H2B,K11,q96a08,122,HMG14_17
p05204,H2B,K18,p58876,121,HMG14_17
p05204,H2B,K14,p62807,121,HMG14_17
p05204,H2A,K18,q6fi13,6,HMG14_17
p05204,H3,K18,p68431,19,HMG14_17
p05204,H2B,K18,p06899,121,HMG14_17
p05204,H2B,K18,o60814,121,HMG14_17
p05204,H2B,K18,q99880,121,HMG14_17
p05204,H2A,K18,p0c0s8,6,HMG14_17
p05204,H3,K18,p68431,5,HMG14_17
p24928,H2B,K285,q93079,109,RNAP_II_RPB1_N
p24928,H2B,K285,o60814,109,RNAP_II_RPB1_N
p24928,H2B,K285,q99880,109,RNAP_II_RPB1_N
p24928,H2B,K285,p58876,109,RNAP_II_RPB1_N
p24928,H4,K285,p62805,60,RNAP_II_RPB1_N
p24928,H3,K285,p68431,80,RNAP_II_RPB1_N
p24928,H2B,K285,q99880,117,RNAP_II_RPB1_N
p24928,H2B,K285,p58876,117,RNAP_II_RPB1_N
p24928,H4,K285,p62805,78,RNAP_II_RPB1_N
p24928,H2B,K285,q93079,117,RNAP_II_RPB1_N
p24928,H2B,K285,o60814,117,RNAP_II_RPB1_N
p24928,H4,K285,p62805,32,RNAP_II_RPB1_N
p24928,H4,K285,p62805,78,RNAP_II_RPB1_N
p24928,H2B,K285,q93079,121,RNAP_II_RPB1_N
p24928,H2B,K285,p58876,121,RNAP_II_RPB1_N
p24928,H2B,K285,q99880,121,RNAP_II_RPB1_N
p24928,H2B,K285,p06899,121,RNAP_II_RPB1_N
p24928,H2B,K285,o60814,121,RNAP_II_RPB1_N
p24928,H4,K285,p62805,78,RNAP_II_RPB1_N
p24928,H3,K285,p68431,5,RNAP_II_RPB1_N
p24928,H3,K285,p68431,28,RNAP_II_RPB1_N
p24928,H3,K285,p68431,19,RNAP_II_RPB1_N
p24928,H4,K285,p62805,9,RNAP_II_RPB1_N
p05114,H2B,K14,q99880,121,HMG14_17
p05114,H2B,K14,p58876,121,HMG14_17
p05114,H2B,K27,q93079,109,HMG14_17
p05114,H2B,K27,o60814,109,HMG14_17
p05114,H2B,K27,q99880,109,HMG14_17
p05114,H2B,K27,p58876,109,HMG14_17
p05114,H2B,K27,q96a08,110,HMG14_17
p05114,H2B,K27,p62807,109,HMG14_17
p05114,H2B,K27,o60814,109,HMG14_17
p05114,H2B,K55,q99880,109,HMG14_17
p05114,H2B,K59,q99880,109,HMG14_17
p05114,H2B,K55,p58876,109,HMG14_17
p05114,H2B,K59,p58876,109,HMG14_17
p05114,H2B,K18,p06899,121,HMG14_17
p05114,H2B,K18,o60814,121,HMG14_17
p05114,H4,K55,p62805,6,HMG14_17
p05114,H4,K55,p62805,9,HMG14_17
p05114,H4,K59,p62805,6,HMG14_17
p05114,H4,K59,p62805,9,HMG14_17
p05114,H2B,K35,q93079,109,HMG14_17
p05114,H2B,K35,o60814,109,HMG14_17
o43765,H2A,K4,q6fi13,119,SGTA_dimer
o43765,H3,K4,q71di3,57,SGTA_dimer
o43765,H2B,K4,q93079,109,SGTA_dimer
o43765,H2B,K4,o60814,109,SGTA_dimer
o43765,H2B,K4,p62807,109,SGTA_dimer
o43765,H2A,K4,p0c0s8,119,SGTA_dimer
o43765,H3,K4,q71di3,57,SGTA_dimer
o43765,H3,K4,p68431,57,SGTA_dimer
o43765,H2B,K4,p62807,117,SGTA_dimer
o43765,H2B,K4,o60814,117,SGTA_dimer
o43765,H3,K4,q71di3,57,SGTA_dimer
o43765,H3,K4,p68431,57,SGTA_dimer
o43765,H3,K4,p68431,57,SGTA_dimer
o43765,H3,K4,p68431,57,SGTA_dimer
o43765,H3,K5,p68431,57,SGTA_dimer
o43765,H2A,K4,p0c0s8,126,SGTA_dimer
o43765,H3,K4,p68431,57,SGTA_dimer
o43765,H2B,K4,q99880,109,SGTA_dimer
o43765,H2B,K4,p58876,109,SGTA_dimer
o43765,H3,K4,q16695,57,SGTA_dimer
o43765,H2A,K4,p0c0s8,126,SGTA_dimer
o43765,H3,K4,q16695,57,SGTA_dimer
o43765,H2A,K4,p0c0s8,126,SGTA_dimer
o43765,H2A,K4,p0c0s8,120,SGTA_dimer
o43765,H2A,K4,q6fi13,120,SGTA_dimer
o00268,H3,K1016,p68431,80,TAF4
o00268,H2A,K1016,p0c0s8,96,TAF4
o00268,H2A,K1016,q6fi13,96,TAF4
o00268,H2A,K1016,p04908,96,TAF4
o00268,H3,K1016,p68431,5,TAF4
o00268,H2B,K1016,q93079,121,TAF4
o00268,H2B,K1016,p58876,121,TAF4
o00268,H4,K1016,p62805,6,TAF4
o00268,H4,K1016,p62805,9,TAF4
o00268,H2A,K1016,p0c0s8,6,TAF4
o00268,H3,K1016,p68431,24,TAF4
o00268,H4,K1016,p62805,13,TAF4
o00268,H4,K1016,p62805,6,TAF4
p61081,H2A,K21,p20671,37,UQ_con
p61081,H2A,K25,p20671,37,UQ_con
q8taq2,H2A,K455,q6fi13,119,SWIRM-assoc_3
q8taq2,H2B,K702,p62807,109,SWIRM-assoc_3
q8taq2,H3,K292,p68431,57,SWIRM-assoc_3
p62826,H2B,K28,p62807,109,RAN
p62826,H2B,K28,o60814,109,RAN
p62826,H2B,K28,p62807,109,RAN
p62826,H2B,K28,o60814,109,RAN
p62826,H2B,K28,p58876,109,RAN
p62826,H2B,K28,q96a08,110,RAN
p62826,H2B,K28,q99880,109,RAN
p62826,H2B,K28,q93079,109,RAN
p62826,H3,K130,p68431,57,RAN
p62826,H3,K134,p68431,28,RAN
a6ndy0,H3,K218,q71di3,123,RRM_II_PABPN1L
a6ndy0,H3,K218,p68431,123,RRM_II_PABPN1L
a6ndy0,H3,K218,q16695,123,RRM_II_PABPN1L
a6ndy0,H3,K218,q71di3,123,RRM_II_PABPN1L
a6ndy0,H3,K218,p68431,123,RRM_II_PABPN1L
a6ndy0,H3,K218,p68431,123,RRM_II_PABPN1L
a6ndy0,H2A,K218,q6fi13,126,RRM_II_PABPN1L
a6ndy0,H2A,K218,p0c0s8,126,RRM_II_PABPN1L
a6ndy0,H2A,K218,p0c0s8,126,RRM_II_PABPN1L
a6ndy0,H3,K218,p68431,123,RRM_II_PABPN1L
q9nzi8,H1,K300,p10412,46,KH-I_IGF2BP1_rpt2
q9nzi8,H1,K300,p16403,46,KH-I_IGF2BP1_rpt2
p20929,H1,K5045,p16403,46,NEBU
p20929,H1,K5045,p16403,46,NEBU
p20929,H2A,K1096,q6fi13,119,NEBU
p20929,H1,K5045,p16403,90,NEBU
p20929,H2A,K356,q6fi13,119,NEBU
p20929,H3,K356,p68431,123,NEBU
p20929,H1,K5045,p10412,46,NEBU
p20929,H2A,K356,p0c0s8,119,NEBU
p20929,H2A,K356,p0c0s8,96,NEBU
p20929,H1,K5045,p16403,52,NEBU
p20929,H1,K5045,p10412,52,NEBU
p20929,H3,K356,p68431,57,NEBU
p20929,H3,K356,p68431,123,NEBU
p20929,H3,K1096,p68431,123,NEBU
p20929,H3,K356,p68431,123,NEBU
p20929,H2A,K713,p16104,128,NEBU
p20929,H2B,K356,q93079,109,NEBU
p20929,H2B,K356,o60814,109,NEBU
p20929,H2A,K3009,p0c0s8,37,NEBU
p20929,H3,K1096,p68431,123,NEBU
p20929,H2A,K1096,p0c0s8,120,NEBU
p20929,H2A,K356,p0c0s8,120,NEBU
p20929,H2A,K356,q6fi13,120,NEBU
p20929,H2B,K5166,q93079,109,NEBU
p20929,H2B,K5166,o60814,109,NEBU
q02880,H2B,K1498,p62807,109,PTZ00108
q02880,H2B,K1498,o60814,109,PTZ00108
q9h7z7,H2B,K225,q96a08,110,GST_C_mPGES2
q9h7z7,H2B,K225,o60814,109,GST_C_mPGES2
q9h7z7,H4,K225,p62805,78,GST_C_mPGES2
q9h7z7,H3,K225,q71di3,80,GST_C_mPGES2
q9h7z7,H3,K225,p68431,80,GST_C_mPGES2
p35268,H1,K5,p10412,46,Ribosomal_L22e
p35268,H1,K5,p16403,46,Ribosomal_L22e
p35268,H1,K5,p16403,34,Ribosomal_L22e
q8wz42,H1,K9985,p16403,75,Ig_Titin_like
q8wz42,H1,K19841,p16403,85,Ig_Titin_like
q8wz42,H3,K10492,p68431,123,Ig_Titin_like
q8wz42,H3,K10492,p68431,123,Ig_Titin_like
q8wz42,H1,K7429,p10412,34,Ig_Titin_like
q8wz42,H3,K10492,p68431,123,Ig_Titin_like
q8wz42,H2B,K33683,q99880,35,Ig_Titin_like
q8wz42,H3,K10492,p68431,123,Ig_Titin_like
q8wz42,H3,K11535,p68431,19,Ig_Titin_like
q8wz42,H1,K19841,q02539,88,Ig_Titin_like
q8wz42,H4,K2035,p62805,9,Ig_Titin_like
q8wz42,H4,K10332,p62805,78,Ig_Titin_like
q8wz42,H4,K10333,p62805,78,Ig_Titin_like
q8wz42,H2B,K33683,p23527,35,Ig_Titin_like
q8wz42,H2B,K33683,p62807,86,Ig_Titin_like
q8wz42,H2A,K19841,p0c0s8,120,Ig_Titin_like
q8wz42,H4,K10492,p62805,45,Ig_Titin_like
q8wz42,H2B,K33683,p62807,58,Ig_Titin_like
q8wz42,H2B,K33683,o60814,58,Ig_Titin_like
q8wz42,H3,K10492,p68431,5,Ig_Titin_like
q8wz42,H2A,K17982,p0c0s8,37,Ig_Titin_like
p61247,H1,K5,p16403,46,Ribosomal_S3Ae
p61247,H2B,K145,q96a08,110,Ribosomal_S3Ae
p22626,H2B,K13,q99880,109,RRM2_hnRNPA2B1
p22626,H2B,K13,p58876,109,RRM2_hnRNPA2B1
p22626,H2B,K13,q93079,109,RRM2_hnRNPA2B1
p22626,H2B,K14,q93079,109,RRM2_hnRNPA2B1
p22626,H2B,K13,o60814,109,RRM2_hnRNPA2B1
p22626,H2B,K14,o60814,109,RRM2_hnRNPA2B1
p22626,H2B,K13,q93079,117,RRM2_hnRNPA2B1
p22626,H2B,K13,o60814,117,RRM2_hnRNPA2B1
p22626,H3,K13,p68431,15,RRM2_hnRNPA2B1
p22626,H3,K14,p68431,15,RRM2_hnRNPA2B1
p22626,H3,K13,p68431,5,RRM2_hnRNPA2B1
p22626,H3,K14,p68431,5,RRM2_hnRNPA2B1
p22626,H3,K13,p68431,24,RRM2_hnRNPA2B1
p22626,H3,K13,q71di3,19,RRM2_hnRNPA2B1
p48634,H2B,K882,q93079,109,BAT2_N
p48634,H2B,K882,o60814,109,BAT2_N
p48634,H2B,K882,p62807,109,BAT2_N
p48634,H2B,K883,p62807,109,BAT2_N
p48634,H2B,K882,o60814,109,BAT2_N
p48634,H2B,K883,o60814,109,BAT2_N
p48634,H2B,K882,q96a08,110,BAT2_N
p48634,H2B,K882,o60814,109,BAT2_N
p48634,H2B,K882,p62807,117,BAT2_N
p48634,H2B,K883,p62807,117,BAT2_N
p48634,H2B,K882,o60814,117,BAT2_N
p48634,H2B,K883,o60814,117,BAT2_N
p35749,H2B,K1337,p62807,109,Myosin_tail_1
p35749,H2B,K1337,o60814,109,Myosin_tail_1
p35749,H4,K1337,p62805,78,Myosin_tail_1
p35749,H2A,K1655,q93077,96,Myosin_tail_1
q9uqe7,H3,K238,q71di3,80,Smc
q9uqe7,H4,K963,p62805,32,Smc
q9uqe7,H2B,K963,p06899,121,Smc
q9uqe7,H2B,K963,o60814,121,Smc
q9uqe7,H2B,K963,q93079,109,Smc
q9uqe7,H2B,K963,o60814,109,Smc
q9uqe7,H3,K963,p68431,5,Smc
p49736,H2B,K384,q96a08,110,MCM
p49736,H2B,K384,o60814,109,MCM
q2nl82,H3,K695,q71di3,80,RIBIOP_C
p62081,H2A,K179,p0c0s8,119,Ribosomal_S7e
p62081,H4,K113,p62805,78,Ribosomal_S7e
p37837,H2A,K130,p0c0s8,96,PRK05269
p37837,H2A,K136,p0c0s8,96,PRK05269
q86yw0,H3,K327,p68431,80,PI-PLCc_zeta
p55209,H3,K200,p68431,57,NAP
q9ukx7,H3,K3,p68431,24,NUP50
p06748,H1,K193,p16403,46,Nucleoplasmin
q13442,H2B,K119,p62807,117,PP28
q13442,H2B,K119,o60814,117,PP28
q13442,H1,K156,p16403,34,PP28
q13442,H3,K3,q71di3,19,PP28
q13442,H2B,K119,q93079,109,PP28
q00839,H3,K242,p68431,57,AAA_33
q00839,H3,K242,p68431,57,AAA_33
q00839,H4,K181,p62805,13,AAA_33
p52209,H4,K261,p62805,78,PRK09287
p62841,H1,K65,p07305,73,PTZ00096
q13813,H3,K2052,p68431,80,SPEC
p37108,H3,K42,p68431,123,SRP14
p37108,H3,K42,p68431,123,SRP14
p37108,H3,K42,p68431,123,SRP14
o43615,H3,K157,p68431,80,3a0801s03tim44
o43615,H4,K157,p62805,78,3a0801s03tim44
o43615,H2B,K157,p23527,35,3a0801s03tim44
o43615,H2A,K157,p0c0s8,6,3a0801s03tim44
p61326,H2A,K41,p0c0s8,6,Mago_nashi
p61326,H2A,K48,p0c0s8,6,Mago_nashi
p02545,H2B,K201,q99880,121,Filament
p02545,H2B,K201,p58876,121,Filament
p02545,H2B,K201,p06899,121,Filament
p02545,H2B,K201,o60814,121,Filament
p02545,H2B,K201,p62807,121,Filament
p02545,H3,K319,p68431,80,Filament
p61254,H2B,K124,p62807,117,Ribosomal_L26
q01813,H1,K263,p10412,46,Eukaryotic_PFK
q99436,H3,K127,p68431,80,proteasome_beta_type_7
p84098,H1,K152,p10412,46,Ribosomal_L19e_E
p84098,H3,K80,q71di3,80,Ribosomal_L19e_E
q9y3u8,H2B,K23,p62807,109,Ribosomal_L36e
q9y3u8,H3,K19,p68431,5,Ribosomal_L36e
q9y3u8,H2A,K99,p0c0s8,126,Ribosomal_L36e
q9y3u8,H2A,K103,p0c0s8,120,Ribosomal_L36e
q9y3u8,H3,K19,q16695,28,Ribosomal_L36e
q9y3u8,H2A,K103,p0c0s8,126,Ribosomal_L36e
q9y3u8,H3,K19,q16695,15,Ribosomal_L36e
p61758,H2B,K95,q93079,109,Prefoldin
p61758,H2B,K95,o60814,109,Prefoldin
q8nez4,H2B,K1708,p62807,121,HMG-box_KMT2C
q32p51,H4,K3,p62805,78,RRM1_hnRNPA1
q32p51,H2B,K3,p06899,121,RRM1_hnRNPA1
q32p51,H2B,K3,o60814,121,RRM1_hnRNPA1
q32p51,H3,K3,p68431,123,RRM1_hnRNPA1
q32p51,H2B,K3,p62807,121,RRM1_hnRNPA1
q32p51,H2A,K3,p0c0s8,120,RRM1_hnRNPA1
p19338,H4,K398,p62805,6,RRM4_NCL
p19338,H4,K429,p62805,6,RRM4_NCL
p19338,H4,K429,p62805,6,RRM4_NCL
p19338,H2B,K135,q99880,47,RRM4_NCL
p19338,H2B,K135,p58876,47,RRM4_NCL
p26583,H1,K68,p16403,34,HMG-box_HMGB_rpt1
q9bza7,H3,K527,p68431,57,Cadherin_repeat
p23396,H2A,K7,p0c0s8,37,PTZ00084
q08945,H3,K421,p68431,80,HMG-box_SSRP1-like
q08945,H2A,K592,p0c0s8,37,HMG-box_SSRP1-like
q08945,H2A,K592,q6fi13,37,HMG-box_SSRP1-like
p62316,H2B,K88,p62807,117,Sm_D2
p62316,H2B,K88,o60814,117,Sm_D2
p62316,H3,K88,p68431,80,Sm_D2
p62316,H2A,K88,p0c0s8,126,Sm_D2
p62316,H3,K88,p68431,24,Sm_D2
p62701,H2B,K6,q93079,109,PLN00036
p62701,H2B,K6,q96a08,122,PLN00036
q13151,H3,K171,p68431,57,RRM2_hnRNPA0
q9y230,H3,K368,p68431,80,TIP49
q8nhw5,H2A,K50,q6fi13,96,PTZ00135
q14690,H3,K1647,q71di3,24,S1_Rrp5_repeat_hs2_sc2
q13428,H2B,K6,q99880,109,LisH
q13428,H2B,K6,p58876,109,LisH
q13428,H4,K6,p62805,78,LisH
q13428,H1,K6,p10412,46,LisH
q13428,H4,K6,p62805,80,LisH
p61604,H3,K56,p68431,80,cpn10
p61604,H3,K56,p68431,5,cpn10
p11388,H2B,K1199,p06899,121,PTZ00108
p11388,H2B,K1199,o60814,121,PTZ00108
p11388,H2B,K1199,q99880,121,PTZ00108
p11388,H2B,K1199,p58876,121,PTZ00108
o43395,H2A,K506,p0c0s8,126,PRP3
q7kzf4,H1,K160,p16403,34,SNc
q7kzf4,H1,K160,p16403,52,SNc
p23497,H1,K567,p16403,46,HMG-box_HMGB_rpt1
p23497,H1,K839,p10412,34,HMG-box_HMGB_rpt1
p23497,H3,K846,q71di3,10,HMG-box_HMGB_rpt1
p23497,H3,K846,q71di3,15,HMG-box_HMGB_rpt1
q01082,H2B,K714,p06899,35,SPEC
q8tdw5,H4,K460,p62805,80,C2A_SLP-4_5
p82970,H3,K3,p68431,80,HMG14_17
p82970,H4,K177,p62805,80,HMG14_17
p82970,H2B,K115,p06899,109,HMG14_17
p82970,H2B,K115,p06899,117,HMG14_17
p82970,H2B,K115,p06899,121,HMG14_17
p82970,H2B,K115,o60814,109,HMG14_17
p82970,H2B,K115,o60814,117,HMG14_17
p82970,H2B,K115,o60814,121,HMG14_17
q9upn3,H1,K81,p10412,46,CH_PLEC-like_rpt1
p62308,H3,K20,p68431,24,Sm_G
q9y606,H3,K184,p68431,24,PseudoU_synth_PUS1_PUS2
p35579,H3,K1370,p68431,80,Myosin_tail_1
p63279,H1,K153,p10412,46,UQ_con
p46778,H2B,K7,q93079,109,PTZ00189
o00193,H2B,K49,p06899,121,SMAP
o00193,H2B,K49,o60814,121,SMAP
o00193,H2B,K49,q93079,109,SMAP
o00193,H2B,K49,o60814,109,SMAP
o00193,H2B,K167,q99880,121,SMAP
o00193,H2B,K167,p58876,121,SMAP
q9bqk8,H2A,K482,p0c0s8,96,Lipin_mid
p46013,H2B,K999,q99880,109,K167R
p46013,H2B,K999,p58876,109,K167R
p46013,H2B,K145,q99880,121,K167R
p46013,H2B,K145,p58876,121,K167R
p46777,H2B,K283,q99880,109,PTZ00069
o95394,H2B,K400,p62807,121,PGM3
o95394,H2B,KN-Term,q93079,121,PGM3
o95394,H2B,K400,q93079,121,PGM3
o95394,H2B,K400,p62807,47,PGM3
o95394,H2B,K400,q93079,47,PGM3
p61978,H3,K63,q16695,80,KH-I_HNRNPK_rpt2
p61978,H3,K63,q71di3,80,KH-I_HNRNPK_rpt2
p61978,H3,K63,p68431,80,KH-I_HNRNPK_rpt2
o15042,H3,K1005,p68431,28,RRM
p46783,H1,K5,p10412,34,S10_plectin
o75116,H3,K900,p68431,5,ROCK_SBD
o75116,H3,K900,p68431,24,ROCK_SBD
a3kn83,H2B,K955,p62807,121,Helicase_C_4
a3kn83,H2B,K955,p58876,121,Helicase_C_4
p62847,H2A,K83,p0c0s8,6,PTZ00071
q9brx2,H4,K2,p62805,9,PelA
q9brx2,H4,K2,p62805,13,PelA
q9brx2,H4,K2,p62805,17,PelA
p35580,H3,K1619,p68431,5,MYSc_Myh10
p35580,H3,K1619,q71di3,5,MYSc_Myh10
p35580,H3,K1619,p68431,19,MYSc_Myh10
p35580,H3,K1619,q71di3,19,MYSc_Myh10
p35580,H2B,K646,q93079,86,MYSc_Myh10
p35580,H2B,K647,q93079,86,MYSc_Myh10
p35580,H3,K1619,p68431,24,MYSc_Myh10
p35580,H2B,K1655,p62807,86,MYSc_Myh10
p35580,H2B,K1655,o60814,86,MYSc_Myh10
p63165,H3,K45,p68431,24,Ubl_SUMO1
p63165,H3,K45,p68431,19,Ubl_SUMO1
p63165,H3,K45,p68431,5,Ubl_SUMO1
p48556,H3,K4,p68431,19,CSN8_PSD8_EIF3K
q9ntk5,H3,K177,p68431,19,PTZ00258
q9ntk5,H3,K177,p68431,24,PTZ00258
q5jsz5,H2B,K10,p62807,109,BAT2_N
q5jsz5,H2B,K12,p62807,109,BAT2_N
q5jsz5,H2B,K10,o60814,109,BAT2_N
q5jsz5,H2B,K12,o60814,109,BAT2_N
p30519,H3,K106,p68431,5,Heme_oxygenase
p30519,H3,K106,p68431,28,Heme_oxygenase
p30519,H3,K106,q71di3,5,Heme_oxygenase
p30519,H3,K106,p68431,10,Heme_oxygenase
p30519,H3,K106,p68431,15,Heme_oxygenase
q5vzk9,H1,K994,p16403,52,CARMIL_C
q14696,H2B,K222,q93079,86,Mesd
q14696,H2B,K222,o60814,86,Mesd
q9y383,H3,K245,p68431,24,LUC7
p62070,H2A,K159,q6fi13,37,M_R_Ras_like
q9h5i5,H3,K2709,p68431,19,Piezo_RRas_bdg
q9nq29,H3,K224,p68431,28,LUC7
q9nq29,H3,K224,p68431,15,LUC7
q14683,H3,K190,p68431,28,SMC_N
q14683,H2A,K413,q9p0m6,239,SMC_N
q14683,H2A,K414,q9p0m6,239,SMC_N
p62280,H2B,K144,p62807,28,PTZ00241
p62280,H2B,K144,q99880,28,PTZ00241
q8nf91,H3,K3431,p68431,123,SPEC
q1kmd3,H3,K479,p68431,123,AAA_33
q9p2e9,H3,K548,q71di3,80,Rib_recp_KP_reg
p27816,H2B,K784,q99880,117,Tubulin-binding
p27816,H2B,K784,p58876,117,Tubulin-binding
p13667,H4,K533,p62805,13,pdi_dom
p40926,H3,K301,p68431,28,MDH_glyoxysomal_mitochondrial
p26373,H3,K136,p68431,123,Ribosomal_L13e
q9h361,H3,K95,p68431,19,PABP-1234
p22694,H3,K79,q71di3,19,STKc_PKA
q15126,H3,K83,p68431,80,P-mevalo_kinase
o43795,H3,K3,q71di3,19,MYSc_Myo1
q13243,H3,K36,q71di3,19,RRM2_SRSF5
q96pu8,H4,K176,p62805,13,KH-I_Hqk
q9um54,H3,K811,p68431,80,CBD_MYO6-like
q9um54,H3,K811,q71di3,80,CBD_MYO6-like
p35716,H3,K88,p68431,80,HMG-box_SoxC_SOX11
q8wx93,H3,K153,p68431,19,IgI_1_Palladin_C
q9nwh9,H2B,K78,p62807,86,RRM
q9nwh9,H2B,K83,p62807,86,RRM
q9nwh9,H2B,K85,p62807,86,RRM
q9nwh9,H2B,K78,o60814,86,RRM
q9nwh9,H2B,K83,o60814,86,RRM
q9nwh9,H2B,K85,o60814,86,RRM
p12956,H2B,K262,q96a08,29,ku70
q9nt99,H3,K193,p68431,19,LRR
p08397,H3,K348,p68431,15,PBP2_HuPBGD_like
q16513,H2A,K237,p0c0s8,37,HR1_PKN2_3
p42766,H3,K12,p68431,19,Ribosomal_L29
p17301,H1,K323,p16402,111,vWA_integrins_alpha_subunit
p17301,H1,K323,p16402,110,vWA_integrins_alpha_subunit
p17301,H1,K323,p16402,111,vWA_integrins_alpha_subunit
p35998,H3,K402,p68431,80,RPT1
q15651,H2B,K20,q99880,121,HMG14_17
q15651,H2B,K20,p62807,121,HMG14_17
p23921,H2B,K465,q96a08,59,PLN02437
p23921,H2B,K465,p62807,58,PLN02437
p23921,H2B,K465,o60814,58,PLN02437
p16949,H2B,K75,q93079,86,Stathmin
p16949,H2B,K75,o60814,86,Stathmin
p33991,H2B,K719,p62807,86,MCM
p33991,H2B,K719,o60814,86,MCM
p63104,H3,K9,p68431,5,14-3-3_beta_zeta
p63104,H3,K9,p68431,24,14-3-3_beta_zeta
q8ww32,H3,K8,p68431,15,HMG-box_HMGB_rpt1
p27348,H1,K85,p16402,111,14-3-3_theta
p17612,H2B,K8,q93079,109,STKc_PKA
p17612,H2B,K8,q93079,117,STKc_PKA
p17612,H2B,K8,o60814,109,STKc_PKA
p17612,H2B,K8,o60814,117,STKc_PKA
q4g0f5,H2B,K295,p62807,109,Vps26
q4g0f5,H2B,K295,o60814,109,Vps26
o15347,H4,K86,p62805,17,HMG-box_HMGB_rpt2
o15347,H4,K87,p62805,17,HMG-box_HMGB_rpt2
o15347,H4,K88,p62805,17,HMG-box_HMGB_rpt2
o43242,H3,K2,p68431,24,PCI
p62266,H2A,K79,q6fi13,120,PTZ00067
q5qnw6,H2B,121,q9h159,211,Cadherin_repeat
q5qnw6,H2B,121,q9nvq4,158,FAIM1
q5qnw6,H2B,121,p05204,14,HMG14_17
q5qnw6,H2B,121,q6p2q9,705,PRP8
q5qnw6,H2B,121,q92622,765,zf-RING_9
q5qnw6,H2B,121,q68de3,33,bHLHzip_USF3
p07305,H1,82,q14512,59,FGF-BP1
p07305,H1,59,o00160,776,Myosin_TH1
p07305,H1,11,o00160,776,Myosin_TH1
q02539,H1,201,q9nqz2,473,Sas10
q02539,H1,78,p33992,363,MCM
q02539,H1,26,p05204,82,HMG14_17
q02539,H1,78,q9h6t0,540,RRM3_ESRP1_ESRP2
q02539,H1,120,o75521,177,crotonase-like
q02539,H1,78,p23560,223,NGF
q02539,H1,78,q9nvq4,158,FAIM1
q02539,H1,78,q13426,3,XRCC4
q02539,H1,120,q9p1p4,243,7tmA_TAAR2_3_4
q02539,H1,213,p05204,64,HMG14_17
q02539,H1,120,p26196,232,DEADc_DDX6
q02539,H1,113,p35499,1304,Ion_trans
q02539,H1,113,p35499,1304,Na_channel_gate
q02539,H1,120,p35499,1304,Ion_trans
q02539,H1,120,p35499,1304,Na_channel_gate
q02539,H1,88,q68dd2,332,cPLA2_Grp-IVB-IVD-IVE-IVF
q02539,H1,125,o75912,1027,ANKYR
q02539,H1,120,o75912,1027,ANKYR
q02539,H1,113,q14642,129,INPP5A
q02539,H1,78,q8wyk1,118,FA58C
p16403,H1,148,q8td16,404,BicD
p16403,H1,148,q92576,957,TFIIS_M
p16403,H1,119,q8ndi1,1097,DUF3585
p16403,H1,127,q8td16,404,BicD
p16403,H1,117,q9nqz2,473,Sas10
p16403,H1,46,q9nqz2,473,Sas10
p16403,H1,160,q9nqz2,473,Sas10
p16403,H1,46,o75521,177,crotonase-like
p16403,H1,168,q9p1p4,243,7tmA_TAAR2_3_4
p16403,H1,136,q9p1p4,243,7tmA_TAAR2_3_4
p16403,H1,191,q9p1p4,243,7tmA_TAAR2_3_4
p16403,H1,130,q6zn66,455,GBP_C
p16403,H1,34,q8n6m6,757,Leuk-A4-hydro_C
p16403,H1,46,p51114,152,KH_9
p16403,H1,46,q9ukx7,362,RanBD_NUP50
p16403,H1,140,q9y6q1,616,C2_Calpain
p16403,H1,46,q68de3,33,bHLHzip_USF3
p16403,H1,159,q9uhw9,178,2a30
p16403,H1,160,q9uhw9,178,2a30
p16403,H1,160,p14625,320,HSP90
p16403,H1,159,p14625,322,HSP90
p16403,H1,130,q8td16,404,BicD
p16403,H1,46,q68dd2,332,cPLA2_Grp-IVB-IVD-IVE-IVF
p16403,H1,119,q8td16,404,BicD
p16403,H1,46,q8td16,404,BicD
p16403,H1,191,q8td16,404,BicD
p16403,H1,34,q8wyj6,186,Septin
p16403,H1,130,p35269,233,TFIIF_alpha
p16402,H1,194,q13956,21,PDE6_gamma
p10412,H1,148,q9nqz2,473,Sas10
p10412,H1,177,q8td16,404,BicD
p10412,H1,140,q9p1p4,243,7tmA_TAAR2_3_4
p10412,H1,160,q9p1p4,243,7tmA_TAAR2_3_4
p10412,H1,148,q86y22,510,Collagen
p10412,H1,137,q96qh2,619,hSH3
p10412,H1,26,p05204,82,HMG14_17
p10412,H1,160,q14642,129,INPP5A
p10412,H1,140,q6piw4,377,SpoVK
p10412,H1,140,q8td16,404,BicD
p10412,H1,168,q8td16,404,BicD
p10412,H1,21,p05204,82,HMG14_17
p16401,H1,149,p68104,450,PTZ00141
p16401,H1,217,o75844,314,M48A_Zmpste24p_like
p16401,H1,120,q92576,957,TFIIS_M
p16401,H1,120,q8ndi1,1097,DUF3585
p16401,H1,130,p02545,311,Filament
p16401,H1,120,q9nqz2,473,Sas10
p16401,H1,93,q9nqz2,473,Sas10
p16401,H1,120,q9p1p4,243,7tmA_TAAR2_3_4
p16401,H1,113,q9p1p4,243,7tmA_TAAR2_3_4
p16401,H1,93,q9p1p4,243,7tmA_TAAR2_3_4
p16401,H1,122,q6zn66,455,GBP_C
p16401,H1,113,p35626,625,PH_GRK2_subgroup
p16401,H1,120,p05204,82,HMG14_17
p16401,H1,120,q99626,243,Homeobox
p16401,H1,55,q99626,243,Homeobox
p16401,H1,120,p35499,1304,Ion_trans
p16401,H1,120,p35499,1304,Na_channel_gate
p16401,H1,93,p14625,322,HSP90
p16401,H1,55,q68dd2,332,cPLA2_Grp-IVB-IVD-IVE-IVF
p16401,H1,93,q9bqi3,551,STKc_EIF2AK1_HRI
p16401,H1,120,q8td16,404,BicD
p16401,H1,122,q8td16,404,BicD
p16401,H1,199,q8td16,404,BicD
p16401,H1,109,q8td16,404,BicD
p16401,H1,100,q8td16,404,BicD
p16401,H1,109,q8wyj6,186,Septin
p16401,H1,100,q8wyj6,186,Septin
p16401,H1,109,q9uhb7,807,AF-4
p16401,H1,93,p62826,141,RAN
q8iza3,H1,285,p35268,107,Ribosomal_L22e
p04908,H2A,6,p05204,64,HMG14_17
p04908,H2A,6,p05204,76,HMG14_17
p04908,H2A,6,p02545,123,Filament
p04908,H2A,6,p62987,48,Ubl_ubiquitin
p04908,H2A,6,p05204,82,HMG14_17
p04908,H2A,6,p02545,97,Filament
p04908,H2A,6,p02545,270,Filament
p04908,H2A,120,p05204,36,HMG14_17
p04908,H2A,120,p05204,40,HMG14_17
p04908,H2A,120,p05114,35,HMG14_17
q96kk5,H2A,126,p05204,64,HMG14_17
q96kk5,H2A,126,p68104,392,PTZ00141
q96kk5,H2A,126,p05204,36,HMG14_17
q96kk5,H2A,126,p05204,40,HMG14_17
q96kk5,H2A,120,p05204,82,HMG14_17
q96kk5,H2A,126,p05204,82,HMG14_17
p0c0s5,H2A,116,p62861,18,Ribosomal_S30
p0c0s5,H2A,116,q9uhb7,569,AF-4
p58876,H2B,5,q68de3,33,bHLHzip_USF3
p58876,H2B,5,q9ukx7,368,RanBD_NUP50
q93079,H2B,121,p05204,11,HMG14_17
q93079,H2B,117,p05204,11,HMG14_17
q93079,H2B,109,q9nqz2,473,Sas10
q93079,H2B,121,q9nvq4,158,FAIM1
q93079,H2B,121,p62987,48,Ubl_ubiquitin
q93079,H2B,121,q15651,13,HMG14_17
q93079,H2B,121,p05204,82,HMG14_17
q93079,H2B,121,p05204,18,HMG14_17
q93079,H2B,121,p05114,14,HMG14_17
q93079,H2B,121,q15651,20,HMG14_17
q93079,H2B,121,p05114,18,HMG14_17
q93079,H2B,117,p05114,18,HMG14_17
q93079,H2B,109,q9p1p4,243,7tmA_TAAR2_3_4
q93079,H2B,109,p05204,59,HMG14_17
q93079,H2B,117,p05204,31,HMG14_17
q93079,H2B,109,q5ksl6,219,PH_DGK_type2
q93079,H2B,35,p59046,371,NACHT
q93079,H2B,117,q68de3,33,bHLHzip_USF3
q93079,H2B,109,q68de3,33,bHLHzip_USF3
q93079,H2B,109,p14625,322,HSP90
q93079,H2B,121,q68dd2,332,cPLA2_Grp-IVB-IVD-IVE-IVF
q93079,H2B,109,q9ukx7,368,RanBD_NUP50
q93079,H2B,121,q9bud6,299,TSP1
q93079,H2B,109,q7z4v5,483,LEDGF
q93079,H2B,109,p62987,48,Ubl_ubiquitin
q93079,H2B,109,q8td16,404,BicD
q93079,H2B,109,p43155,85,Carn_acyltransf
q93079,H2B,109,p05204,31,HMG14_17
q93079,H2B,109,p05204,36,HMG14_17
q93079,H2B,109,q15651,33,HMG14_17
q93079,H2B,109,p05114,27,HMG14_17
q93079,H2B,109,p62987,6,Ubl_ubiquitin
q93079,H2B,109,q15554,211,TRFH
q93079,H2B,109,q8wz42,16995,FN3
q93079,H2B,117,q8wyj6,186,Septin
q93079,H2B,109,q8wyj6,186,Septin
q93079,H2B,109,q6p2q9,705,PRP8
q93079,H2B,109,q9uhb7,569,AF-4
q93079,H2B,109,p11388,1323,PTZ00108
q93079,H2B,117,p98171,231,F-BAR_srGAP
q93079,H2B,12,p05204,64,HMG14_17
q93079,H2B,12,p05204,82,HMG14_17
q93079,H2B,109,p62826,28,RAN
q93079,H2B,117,p05204,18,HMG14_17
q93079,H2B,109,p05204,18,HMG14_17
q93079,H2B,47,p05204,18,HMG14_17
q93079,H2B,109,q15843,6,Ubl_NEDD8
q99880,H2B,5,q9ukx7,368,RanBD_NUP50
q16778,H2B,5,p05204,11,HMG14_17
q16778,H2B,5,p05204,59,HMG14_17
q16778,H2B,5,q68de3,33,bHLHzip_USF3
q16778,H2B,5,q9ukx7,368,RanBD_NUP50
q16778,H2B,5,q96j77,113,TPD52
q16778,H2B,5,q9bud6,299,TSP1
q16778,H2B,5,o95425,1449,gelsolin_S2_like
q16778,H2B,5,q8td16,404,BicD
q16778,H2B,5,p02545,135,Filament
q16778,H2B,5,p05204,82,HMG14_17
q16778,H2B,5,p02545,270,Filament
q16778,H2B,5,q8wyj6,186,Septin
q16778,H2B,5,q6p2q9,705,PRP8
q16778,H2B,5,q8tbk6,76,zf-CCHC_3
p57053,H2B,121,p05204,11,HMG14_17
p57053,H2B,121,q9nvq4,158,FAIM1
p57053,H2B,121,p05204,14,HMG14_17
p57053,H2B,121,p62987,48,Ubl_ubiquitin
p57053,H2B,121,q15651,13,HMG14_17
p57053,H2B,121,p05204,18,HMG14_17
p57053,H2B,121,p05114,14,HMG14_17
p57053,H2B,121,q15651,17,HMG14_17
p57053,H2B,121,p05114,18,HMG14_17
p57053,H2B,121,p23560,201,NGF
p57053,H2B,121,q9h159,211,Cadherin_repeat
p57053,H2B,121,q68dd2,332,cPLA2_Grp-IVB-IVD-IVE-IVF
p57053,H2B,121,q92622,765,zf-RING_9
p57053,H2B,121,q9bud6,299,TSP1
p57053,H2B,121,p41220,131,RGS_RGS2
p57053,H2B,121,q6p2q9,705,PRP8
p57053,H2B,121,q8izf2,1043,7tmB2_GPR116_Ig-Hepta
q16695,H3,15,q92576,957,TFIIS_M
q16695,H3,80,p02549,1809,SPEC
q16695,H3,80,p02549,1809,SPEC
q16695,H3,80,q68de3,33,bHLHzip_USF3
q16695,H3,28,q96j77,108,TPD52
q16695,H3,19,p05204,76,HMG14_17
q16695,H3,19,p62987,48,Ubl_ubiquitin
q16695,H3,19,q8td16,404,BicD
q16695,H3,19,p05204,82,HMG14_17
q16695,H3,19,p62987,63,Ubl_ubiquitin
q16695,H3,15,q68dd2,332,cPLA2_Grp-IVB-IVD-IVE-IVF
q16695,H3,80,p04275,1335,VWA
q16695,H3,28,p05204,82,HMG14_17
q16695,H3,28,q14739,42,LBR_tudor
q16695,H3,28,o14727,779,WD40
q16695,H3,10,p05204,82,HMG14_17
q16695,H3,15,q9ukx7,368,RanBD_NUP50
q16695,H3,4,q8td16,404,BicD
q16695,H3,15,q8td16,404,BicD
q16695,H3,80,p11532,2628,SPEC
q16695,H3,80,p11388,101,PTZ00108
q16695,H3,80,q32m45,305,Anoct_dimer
q16695,H3,5,p05204,64,HMG14_17
q16695,H3,5,p62987,48,Ubl_ubiquitin
q16695,H3,5,q8td16,404,BicD
q16695,H3,5,p05204,82,HMG14_17
q16695,H3,5,p45973,42,CD_HP1alpha_Cbx5
q16695,H3,80,p62826,28,RAN
q71di3,H3,24,q9p1p4,243,7tmA_TAAR2_3_4
q71di3,H3,24,q8td16,404,BicD
q71di3,H3,24,p05204,82,HMG14_17
p62805,H4,17,p62826,37,RAN
p62805,H4,17,p05204,82,HMG14_17
p62805,H4,17,p62987,63,Ubl_ubiquitin
p62805,H4,9,p62987,48,Ubl_ubiquitin
p62805,H4,9,p05204,82,HMG14_17
p62805,H4,9,p62987,63,Ubl_ubiquitin
p62805,H4,13,p05204,82,HMG14_17
p62805,H4,13,q86y22,510,Collagen
p62805,H4,78,q68de3,33,bHLHzip_USF3
p62805,H4,32,q68de3,33,bHLHzip_USF3
p62805,H4,21,q68de3,33,bHLHzip_USF3
p62805,H4,32,p04275,1335,VWA
